seq_id,window_id,t_start_ns,t_end_ns,err_mag_m,err_dx,err_dy,err_dz,err_mag_m_bc,err_dx_bc,err_dy_bc,err_dz_bc
MH_02_easy,0,1403636859516666624,1403636860516666624,0.15873362830071006,0.022229262792203386,0.15710490953685485,0.004502446961353157,0.04415290339746572,-0.03118291274446605,-0.0025425036504460596,0.03115510401819299
MH_02_easy,1,1403636859766666624,1403636860766666624,0.16895293596993372,0.05697017413193173,0.15782201188786416,-0.01979157386123609,0.009755903668320265,-0.0037296739505263687,-0.005998244554694665,0.006729654587747103
MH_02_easy,2,1403636860016666624,1403636861016666624,0.18876457151421225,0.07000597828971866,0.17358577126382446,-0.02447869435625194,0.006105918979569917,-0.003409694967311694,-0.0034932163343397438,0.003667923998185274
MH_02_easy,3,1403636860266666624,1403636861266666624,0.20221175044728992,0.0744158859028774,0.18619839294448126,-0.026115635338615384,0.007870165928798703,-0.005490868762389134,0.002983131204862932,0.0047844331112072425
MH_02_easy,4,1403636860516666624,1403636861516666624,0.19936523140664664,0.0444724409182653,0.19130866070783115,-0.03420078699055196,0.03355914226743822,-0.028773367427351815,0.017090766999798834,-0.0024929981900023712
MH_02_easy,5,1403636860766666624,1403636861766666624,0.1755087701000858,0.031303389608221543,0.16828716723248416,-0.03876668061553079,0.030501246202625995,-0.027552567667929573,0.009178493885173777,-0.009324016560324
MH_02_easy,6,1403636861016666624,1403636862016666624,0.166884260166125,0.02824565718025962,0.15952397175297217,-0.040057977704910264,0.027402922038912696,-0.02360504048905554,0.005584717920163795,-0.012748848008074187
MH_02_easy,7,1403636861266666624,1403636862266666624,0.17683829466741982,0.03117527008902421,0.16839441231056562,-0.044081820497080426,0.031364703941077605,-0.025793524223631792,0.004705141257523637,-0.017213378726534723
MH_02_easy,8,1403636861516666624,1403636862516666624,0.19607450829533019,0.07007576542475835,0.18048105770421752,-0.031003027486951273,0.0017341609018689044,-0.00013190461924850183,-0.00041556807725440237,-0.001678457142187062
MH_02_easy,9,1403636861766666624,1403636862766666624,0.20383199839935848,0.06921801572468311,0.19011748569850684,-0.02473239782737713,0.009950288886932425,-0.006394441778276416,0.0026562595666601574,0.007145883317839052
MH_02_easy,10,1403636862016666624,1403636863016666624,0.20176226002582445,0.053928300803350204,0.19363034670218493,-0.01752246498593868,0.02647109161125753,-0.017020330322630173,0.013929051568704942,0.014731210717266352
MH_02_easy,11,1403636862266666624,1403636863266666624,0.17705462555591295,0.045733725405155745,0.16926486210581637,-0.024620585850245735,0.01650943501243181,-0.013078827631368029,0.008483616251407033,0.005434516309436921
MH_02_easy,12,1403636862516666624,1403636863516666624,0.16630576054887572,0.04155161739092872,0.1587735156351957,-0.026870798588395584,0.014703791931597422,-0.012056735227853999,0.00833443663903588,0.0011720916018085337
MH_02_easy,13,1403636862766666624,1403636863766666624,0.17076318991783834,0.04579494729556277,0.1621322855167624,-0.027856988821898798,0.014773064203305208,-0.012938919760343559,0.007120393432075378,-0.0003574615543335824
MH_02_easy,14,1403636863016666624,1403636864016666624,0.1867289264910147,0.07375262066732802,0.1686611893840717,-0.03133123248035863,0.006064352850153029,0.00023392282650469554,-0.004850030661470051,-0.0036330232844284938
MH_02_easy,15,1403636863266666624,1403636864266666624,0.19851809260494133,0.08134953531930655,0.17936522166183333,-0.024895852125170426,0.008920496863979346,-0.004215706662368035,-0.006822136353100028,0.003906601747918792
MH_02_easy,16,1403636863516666624,1403636864516666624,0.1985719900244705,0.07448503857834954,0.18278911143179433,-0.02170149746527361,0.011302937886161865,-0.007045773122832166,0.0013069696345426873,0.008741013461515346
MH_02_easy,17,1403636863766666624,1403636864766666624,0.18094699193118524,0.05647044693557124,0.1697577170639375,-0.027114940698467205,0.012744843343475363,-0.010299921416420332,0.006661472679960534,0.00345939769315895
MH_02_easy,18,1403636864016666624,1403636865016666624,0.16348723143031915,0.05080998094584821,0.15187951400006017,-0.03284865148128313,0.0065092499682799735,-0.0052924955454667355,0.0018161794280131538,-0.0033258560305625684
MH_02_easy,19,1403636864266666624,1403636865266666624,0.16553070706844655,0.05487173841620674,0.15041916258940802,-0.04199503341663724,0.014014259104381694,-0.003907602620603079,-0.0028334375465828288,-0.013156813127570666
MH_02_easy,20,1403636864516666624,1403636865516666624,0.18080719929106193,0.07879145026016765,0.1590969743749402,-0.034224310454952,0.013261336757821755,0.009262378276127414,-0.007903626556917454,-0.005253959318748724
MH_02_easy,21,1403636864766666624,1403636865766666624,0.1961037184560846,0.08555720780189002,0.17385367509985117,-0.030191592202513884,0.007592926416637636,0.003850985480667646,-0.006483059243036049,-0.0008901602369492112
MH_02_easy,22,1403636865016666624,1403636866016666624,0.1957087124186769,0.08703464902251223,0.17361349627469735,-0.02419140131079922,0.010662763736928245,0.0033085577620042272,-0.007423295566392429,0.0069023661869689334
MH_02_easy,23,1403636865266666624,1403636866266666624,0.1968964889232396,0.07423753600871663,0.17885908084868452,-0.035587143684449485,0.007749351861272608,-0.0003949560764322513,0.007050697282140472,-0.003191258655000473
MH_02_easy,24,1403636865516666624,1403636866516666624,0.1694900588742028,0.05683723450630396,0.15546072997009852,-0.03644681423691587,0.007630187635579425,-0.005195923876854636,-0.001155231047742511,-0.005466953415423692
MH_02_easy,25,1403636865766666624,1403636866766666624,0.16912691212281897,0.05816548833283264,0.15208546698081848,-0.04572416324471351,0.01590570176470505,0.001768199594960329,-0.0007118917350421583,-0.0157910743452655
MH_02_easy,26,1403636866016666624,1403636867016666624,0.1778259253177068,0.07718107373982352,0.15196816714361616,-0.05070323211074912,0.028312324856617308,0.014123165590875786,-0.009964270002093212,-0.02242403299597817
MH_02_easy,27,1403636866266666624,1403636867266666624,0.18280931015322613,0.08323487674235786,0.15984420261784793,-0.030676213290549592,0.01622308404279231,0.008720481851973716,-0.013358456400126784,-0.0029484393727549074
MH_02_easy,28,1403636866516666624,1403636867516666624,0.18524347556743012,0.08613899836977712,0.16200646873948377,-0.025477878379395746,0.015969368379822147,0.008702998316317156,-0.012973745994777852,0.003310658789369536
MH_02_easy,29,1403636866766666624,1403636867766666624,0.1743986371349721,0.08427287233161884,0.1513982457250902,-0.019787339762574296,0.02516902470929309,0.013254590711533787,-0.01781063100151581,0.011856519439303104
MH_02_easy,30,1403636867016666624,1403636868016666624,0.17900781278193156,0.06598339972298373,0.1626711358002566,-0.03504410899741195,0.0013833129992082973,-5.810554188823147e-05,-0.0009163063249271186,-0.001034679331328836
MH_02_easy,31,1403636867266666624,1403636868266666624,0.17500258688672005,0.0728296825355752,0.1535570961504189,-0.041736806066855814,0.011399419682265537,0.008925617583513734,-0.0033011759886591996,-0.006275536386412983
MH_02_easy,32,1403636867516666624,1403636868516666624,0.16618328793685475,0.07549164860805213,0.13960493819915354,-0.04927836655523876,0.01713304627884422,0.01025566538615763,-0.0050371786977179145,-0.012766731494295747
MH_02_easy,33,1403636867766666624,1403636868766666624,0.1543614749118345,0.056802324994637665,0.1342361010709361,-0.050809742977443895,0.015727489744508875,-0.008880892587252553,0.0038919876722007807,-0.012382895964868301
MH_02_easy,34,1403636868016666624,1403636869016666624,0.15838917158112506,0.07549303958897635,0.129589843235707,-0.05093528421357052,0.014848139464296481,0.008793546579894063,-0.0011045363221604543,-0.011913050978295203
MH_02_easy,35,1403636868266666624,1403636869266666624,0.16073977821676078,0.0812497598090216,0.1315074283891069,-0.04406301295455928,0.013782803944813933,0.012864627160809938,-0.001112945132849319,-0.004819585638392243
MH_02_easy,36,1403636868516666624,1403636869516666624,0.16338556453848221,0.09165116577583987,0.12927784849456359,-0.039776178802201634,0.022205371217717023,0.02185255372658279,-0.0038870824313372854,-0.0006595428078731702
MH_02_easy,37,1403636868766666624,1403636869766666624,0.1660221291665504,0.0947472511639651,0.12923831086465465,-0.04340235909162249,0.024458281219731967,0.024033991303378244,-0.0036850369598384614,-0.0026448600827372326
MH_02_easy,38,1403636869016666624,1403636870016666624,0.17017445920046662,0.09811463601594372,0.13115749410580668,-0.04615816832929398,0.026642456818935942,0.02631218972656768,-0.0030899872405873996,-0.002818005676889168
MH_02_easy,39,1403636869266666624,1403636870266666624,0.16793450205143712,0.09539343429520741,0.1297469992233049,-0.04762148533149513,0.023321776600557426,0.022572241537094584,-0.004698215800963856,-0.003510832392032315
MH_02_easy,40,1403636869516666624,1403636870516666624,0.16376566657701702,0.09498282263659874,0.12494043824779033,-0.04676904792540926,0.024692769172294883,0.022573717997870446,-0.008716639663877146,-0.00491734665434318
MH_02_easy,41,1403636869766666624,1403636870766666624,0.15482450410993454,0.08975298100249329,0.11892609633006446,-0.04209053439605448,0.022602996165509377,0.018104428503961323,-0.012748847002550301,-0.004537841371020868
MH_02_easy,42,1403636870016666624,1403636871016666624,0.15082338982335539,0.08648175360272248,0.11744719985425345,-0.03840255796168879,0.01895818164696646,0.01359747476523765,-0.012418439956106697,-0.004505960544065379
MH_02_easy,43,1403636870266666624,1403636871266666624,0.15101788111990258,0.0844101310326062,0.12029788265241237,-0.034781455207476664,0.011648315854846492,0.008057366924575149,-0.008083597990948599,-0.0023275618182472257
MH_02_easy,44,1403636870516666624,1403636871516666624,0.1569782841300392,0.08651978546454053,0.12658127706745392,-0.03367029414118128,0.006705047282571975,0.006495897662986749,-0.001030546813382438,-0.0013034361813899498
MH_02_easy,45,1403636870766666624,1403636871766666624,0.16299615945273913,0.09211388853105706,0.1298933325164957,-0.03479226499941945,0.011736788642629064,0.011341240559807453,0.0015771891582423425,-0.0025770030200695793
MH_02_easy,46,1403636871016666624,1403636872016666624,0.16597323590802848,0.09275743942940817,0.1328189991235782,-0.03608719911675995,0.014024840579662816,0.01252127437931172,0.005330127737821044,-0.003391692719197814
MH_02_easy,47,1403636871266666624,1403636872266666624,0.16555750286696422,0.09439513344838968,0.13067755393929525,-0.037712364461117365,0.014331837650250742,0.01339232034656579,0.004565391619089532,-0.0022813429230283955
MH_02_easy,48,1403636871516666624,1403636872516666624,0.1681548767875098,0.09320420008072361,0.1338329055726477,-0.040960872313926644,0.013913509192207213,0.011963886585691696,0.007099253819538465,-0.0002274884878612493
MH_02_easy,49,1403636871766666624,1403636872766666624,0.17276651911422258,0.09347016449000378,0.1377332834324585,-0.0462724660243079,0.015779639666566442,0.013049525538456841,0.008842417730216434,0.0007201110415719914
MH_02_easy,50,1403636872016666624,1403636873016666624,0.17446211688564883,0.095931081053517,0.13705784079162475,-0.049491475969736354,0.01892685757239777,0.018178510529072156,0.005066693930460664,0.0014478622604642277
MH_02_easy,51,1403636872266666624,1403636873266666624,0.16727427874524298,0.08962524586059661,0.1317993430782214,-0.0507634986808253,0.015769779064306235,0.015696924111433752,-0.0014948517258139837,0.0002406730037870508
MH_02_easy,52,1403636872516666624,1403636873516666624,0.15807876978885793,0.08357997711416054,0.12530178777586376,-0.04798694472174225,0.016181576954958577,0.013542268783234945,-0.008849160454242,-0.0003778203368617339
MH_02_easy,53,1403636872766666624,1403636873766666624,0.1487263363333179,0.07909541480761284,0.11862962163797497,-0.04231372526230415,0.0184128987986571,0.010876311568101649,-0.014854362595681403,-0.00029765872939924165
MH_02_easy,54,1403636873016666624,1403636874016666624,0.14386020321084791,0.07523856935261986,0.11761558555176355,-0.03466251267512588,0.016344139834128517,0.007699390034440867,-0.014361752393373006,0.0012610980162318652
MH_02_easy,55,1403636873266666624,1403636874266666624,0.14534397170958724,0.06753800120281728,0.12472199294816133,-0.03174764528093921,0.005866446837924849,-0.0025058656981089555,-0.005270925723428466,0.0005942874921613939
MH_02_easy,56,1403636873516666624,1403636874516666624,0.14760970112924102,0.06462784498492535,0.1287127932134704,-0.03232464049691386,0.008800313195283902,-0.008630342869782481,0.0008038068861595526,-0.0015220344197307556
MH_02_easy,57,1403636873766666624,1403636874766666624,0.1517487214976038,0.06521693889902913,0.13269051468517978,-0.0341709331066582,0.012193549175603254,-0.009676772182658944,0.0070302822155123845,-0.002370201171424724
MH_02_easy,58,1403636874016666624,1403636875016666624,0.15550329391169185,0.070431238468454,0.1330017364701468,-0.039131229997425465,0.011482505571552592,-0.005984034137248351,0.008913776836549703,-0.004072327608772741
MH_02_easy,59,1403636874266666624,1403636875266666624,0.1564035419265603,0.07454887905059504,0.1302712645501296,-0.04397647316444564,0.007899453496227045,-0.004094222301241679,0.006186933687480023,-0.0027130353543206587
MH_02_easy,60,1403636874516666624,1403636875516666624,0.1573124622279347,0.07923428931803933,0.12809236501860122,-0.045403570260741044,0.003831413199688333,0.001395947034291467,0.0035113392956855893,0.0006336839391787308
MH_02_easy,61,1403636874766666624,1403636875766666624,0.15462018436874014,0.0794766600672574,0.12314678934631962,-0.04925170243220012,0.0022201268605008175,0.002166324941894615,-5.2678567497022044e-05,0.00048293321626180497
MH_02_easy,62,1403636875016666624,1403636876016666624,0.15895265296087796,0.08680797696904641,0.12274013497331926,-0.051625384110669637,0.003990789150248595,0.003828787992484095,0.001055530487554135,-0.00039068649860884985
MH_02_easy,63,1403636875266666624,1403636876266666624,0.17186799346607382,0.1040807004124229,0.12460232407944827,-0.05639216092431654,0.010289120237897197,0.007434092974606621,0.004411955680651447,-0.005579865947025753
MH_02_easy,64,1403636875516666624,1403636876516666624,0.17877144611825588,0.10788993547881542,0.132079495590961,-0.05360968768820451,0.016450801997394345,0.0020570208588326366,0.014477825338234718,-0.007535922307147946
MH_02_easy,65,1403636875766666624,1403636876766666624,0.1678628629528051,0.11321950585902396,0.11689483070944284,-0.04116895438508683,0.007113287436493301,-0.0031624932937415196,0.00541386781394082,-0.0033596918927766284
MH_02_easy,66,1403636876016666624,1403636877016666624,0.14795549994532278,0.10790879481262472,0.09819457863524983,-0.02458346380807641,0.01414180340178792,-0.012768904902733524,-0.002767847256492484,0.0054115332951479855
MH_02_easy,67,1403636876266666624,1403636877266666624,0.14571029012469533,0.1244935678792416,0.0729296534024122,-0.02034959113897805,0.022150140329928146,0.0074415421012847816,-0.019701972679188495,0.006861810281465486
MH_02_easy,68,1403636876516666624,1403636877516666624,0.1449164082316912,0.12162388425767112,0.07424297586827278,-0.026388950094193953,0.022119348723459456,0.01130633643497525,-0.01852188696896917,0.004286262646862493
MH_02_easy,69,1403636876766666624,1403636877766666624,0.15316526598065677,0.11226603884786979,0.09610096345819086,-0.040255931820557755,0.013558643373894761,0.011150291851974359,-0.007686495663330906,-0.000652369660430141
MH_02_easy,70,1403636877016666624,1403636878016666624,0.16111600083008382,0.0744282352145138,0.13299099303181938,-0.0522704438353373,0.018131035741092087,-0.012176597924439925,0.012868083772235472,-0.0038571155105874277
MH_02_easy,71,1403636877266666624,1403636878266666624,0.1746354352124461,0.06293773342643671,0.15079418241144493,-0.061623789999050826,0.019143983494022965,-0.007731101165505905,0.015797761354416684,-0.007559954694112636
MH_02_easy,72,1403636877516666624,1403636878516666624,0.16799424224886256,0.05877034584640395,0.14435820034664637,-0.0626803148567483,0.00964174025146434,-0.00536507709185674,0.001961446586454141,-0.007767356703771822
MH_02_easy,73,1403636877766666624,1403636878766666624,0.16771621516158938,0.06572288274824523,0.1439409119067221,-0.05558997563275436,0.0070483768731015315,-0.00508607709386677,0.0003639508254398294,-0.004866104821844464
MH_02_easy,74,1403636878016666624,1403636879016666624,0.16634635965876943,0.08150338204761365,0.13824862308081554,-0.04376789123071845,0.0027087717908956268,-0.0019837280657863943,-0.0006002208525586195,-0.0017441337403757418
MH_02_easy,75,1403636878266666624,1403636879266666624,0.15938475265835716,0.09489485148021526,0.12393497177980595,-0.03222715178932645,0.005904086194415278,0.0005904647400507557,-0.005800239907488569,0.0009310221250963258
MH_02_easy,76,1403636878516666624,1403636879516666624,0.1439052019569714,0.09676223849473242,0.10335022123604443,-0.025778055051262516,0.015403008502098001,-0.0034101718552630444,-0.01484437243902903,0.002295213655560291
MH_02_easy,77,1403636878766666624,1403636879766666624,0.14234880706195072,0.11099100620673763,0.08541368421311168,-0.025469235605318774,0.02767201701971834,0.009762205535999158,-0.02571723506069712,0.003010596260766274
MH_02_easy,78,1403636879016666624,1403636880016666624,0.15197132667329427,0.11384868773270451,0.0955069215930664,-0.03181490782947716,0.022692708643975403,0.016503819400622177,-0.015292833781598958,0.002951644578940482
MH_02_easy,79,1403636879266666624,1403636880266666624,0.17570344485576567,0.12937613075418586,0.108643244210334,-0.04827175999186917,0.03670251189693022,0.0352527037036694,-0.009682407547514149,-0.0032514989173363373
MH_02_easy,80,1403636879516666624,1403636880516666624,0.17338576563566843,0.09735367800988026,0.13183568227269848,-0.056605988929684714,0.012260318055276546,0.01085043935438712,0.002555433501505,-0.005104226116924404
MH_02_easy,81,1403636879766666624,1403636880766666624,0.16415430391651034,0.06838821059551137,0.13989574494486612,-0.051950637071926264,0.00993767677803303,-0.008263099681721897,0.0012824601230492227,-0.005369720609805784
MH_02_easy,82,1403636880016666624,1403636881016666624,0.15281151376554314,0.05611392785105718,0.13699701024788014,-0.0378735398871739,0.019788292103978273,-0.018454466973609307,-0.006232152464924923,-0.003488470834945079
MH_02_easy,83,1403636880266666624,1403636881266666624,0.15116115594953042,0.06688556984087235,0.13241392144647568,-0.029027039501585583,0.022138134739170937,-0.020203167594210036,-0.008868460434075631,-0.0018109219804242072
MH_02_easy,84,1403636880516666624,1403636881516666624,0.16679567233337841,0.08639159849196698,0.13893547293136432,-0.03246879086884269,0.015108961589838626,-0.01468525117506747,0.003347713458794699,-0.0011903498839430648
MH_02_easy,85,1403636880766666624,1403636881766666624,0.18710377707028908,0.10881598734162701,0.1450600398339288,-0.04609218085764977,0.014468122700484391,0.008105251834596316,0.010896433905818181,-0.004989909348894095
MH_02_easy,86,1403636881016666624,1403636882016666624,0.1818139476474741,0.10749745615329687,0.13728141417602036,-0.05152108113734055,0.020440364744208607,0.019742698001337544,-0.0016479500133119718,-0.005031763831689018
MH_02_easy,87,1403636881266666624,1403636882266666624,0.16385707061653518,0.09016714055662334,0.1273788443554762,-0.04993652336254195,0.025981375635409577,0.01985972388801116,-0.015623437053626343,-0.006044126209104883
MH_02_easy,88,1403636881516666624,1403636882516666624,0.14144470812813217,0.070763968947678,0.11529237107917734,-0.04131265335421863,0.0330783059877045,0.009390550707634837,-0.030781739541039244,-0.007646986023994495
MH_02_easy,89,1403636881766666624,1403636882766666624,0.138395726856491,0.054852253140203366,0.12287958651478403,-0.03232978124787156,0.03043810671640343,-0.008921533343231758,-0.028234622027778267,-0.007049163229296496
MH_02_easy,90,1403636882016666624,1403636883016666624,0.1517435372189953,0.052434400702914274,0.1390992113578451,-0.030465457657556705,0.02429626991258583,-0.018010931654198536,-0.015155304121889701,-0.006019288129508804
MH_02_easy,91,1403636882266666624,1403636883266666624,0.16903788134054887,0.05259001874396052,0.1569862998693876,-0.03410860463182375,0.018924628964540464,-0.018347421635933614,9.655784447115678e-05,-0.0046372812445947265
MH_02_easy,92,1403636882516666624,1403636883516666624,0.17627944050177538,0.05088659686373198,0.1650369522755839,-0.03532420964202354,0.00838647694959646,-0.008071628339151538,0.00222744980677847,-0.00046933883176347724
MH_02_easy,93,1403636882766666624,1403636883766666624,0.17621749272003287,0.04633150345077741,0.16681896159555398,-0.0328242377018344,0.0098174177209954,0.004849923331557093,-0.008215596602034081,0.002316010979934835
MH_02_easy,94,1403636883016666624,1403636884016666624,0.17677409926220997,0.0231103538883497,0.17276871137635097,-0.029427301651290372,0.010490530729107057,-0.003943837144859685,-0.008896402574730011,0.00391808687773787
MH_02_easy,95,1403636883266666624,1403636884266666624,0.17266189521508288,0.018316586416743164,0.16938641466785676,-0.02801562505587063,0.015160682130141665,0.00015855548631460437,-0.01487136763133834,0.0029433938884455557
MH_02_easy,96,1403636883516666624,1403636884516666624,0.17165590180610296,0.016818637755036114,0.168361624744928,-0.028935192451051472,0.017979333381552644,0.005545033778953545,-0.017095312248423644,0.0005092429323750869
MH_02_easy,97,1403636883766666624,1403636884766666624,0.17488239159213553,0.013648442329909471,0.1715094239316255,-0.031338289895815,0.016524950932515842,0.007025647214134345,-0.014733219166563227,-0.0025780879609890173
MH_02_easy,98,1403636884016666624,1403636885016666624,0.176541556974133,0.012755276121867887,0.17349361780356398,-0.03006973314375805,0.016024598761530544,0.008532149994280758,-0.013439105369065896,-0.001838648640247853
MH_02_easy,99,1403636884266666624,1403636885266666624,0.1800330939332599,0.016413710433571538,0.17696717925205707,-0.028724945405607882,0.016226593760999514,0.012349710441247552,-0.010505680711386134,-0.0006462738523713707
MH_02_easy,100,1403636884516666624,1403636885516666624,0.18193909481070863,0.017920123817850353,0.1793209755377867,-0.024993821537921068,0.01644510082059225,0.013871412782945569,-0.008271328974783776,0.003100058934194738
MH_02_easy,101,1403636884766666624,1403636885766666624,0.17963191994793398,0.017596419410729425,0.17775145343753174,-0.0190371607375589,0.01906199721528397,0.013508304798596882,-0.009900600115822611,0.009102942197458552
MH_02_easy,102,1403636885016666624,1403636886016666624,0.1822565625292989,0.013067543627212075,0.18101716987639627,-0.01671759846649734,0.015988177130510876,0.008964522974432398,-0.006634059802765435,0.011456368810875306
MH_02_easy,103,1403636885266666624,1403636886266666624,0.1837975226785167,0.010782288866325374,0.18280302908696777,-0.015758304039210302,0.014904258463703787,0.0066561652345837885,-0.004846440736613777,0.01242354204360796
MH_02_easy,104,1403636885516666624,1403636886516666624,0.18406910578887456,0.010224933395249103,0.18303237649141701,-0.016614319091758922,0.013859167258347264,0.006070958128280068,-0.004621068643174464,0.011570034965140974
MH_02_easy,105,1403636885766666624,1403636886766666624,0.18470273519465288,0.009532962310523807,0.183699469994836,-0.016695141256921064,0.013325816125488131,0.005332928973354356,-0.003958075809533668,0.011552959787927142
MH_02_easy,106,1403636886016666624,1403636887016666624,0.18645975522269223,0.009557613959788824,0.18550885355162627,-0.01619745619111923,0.013383209106441763,0.005317511256678564,-0.0021585363614555764,0.012090288697881313
MH_02_easy,107,1403636886266666624,1403636887266666624,0.18753148086882263,0.008670148620013585,0.1866380469263298,-0.01609733764588339,0.013017711282258915,0.004415309921654398,-0.0010428086252314284,0.012201573484396766
MH_02_easy,108,1403636886516666624,1403636887516666624,0.18796128636341322,0.008835818765498438,0.18705910826295447,-0.01613268402965151,0.013021283899185474,0.004595943412725845,-0.0005959491056948263,0.01216864754989766
MH_02_easy,109,1403636886766666624,1403636887766666624,0.1872995965866848,0.008946582117053126,0.18639152492572708,-0.016102701196375357,0.013123701760433532,0.0047287691856032765,-0.0012550699429203505,0.012177647117751156
MH_02_easy,110,1403636887016666624,1403636888016666624,0.18681861644868622,0.008907283061804883,0.18598728549738697,-0.015185038477780854,0.014031087980505175,0.004688088300573767,-0.0016633409114001907,0.0131197010261348
MH_02_easy,111,1403636887266666624,1403636888266666624,0.18685592069305784,0.008074534302328296,0.18595760642194392,-0.01642271620872282,0.012609495329257165,0.0038405153939766734,-0.001708186051341043,0.011888309988437817
MH_02_easy,112,1403636887516666624,1403636888516666624,0.18789194278087507,0.00763232411931547,0.18702514011038818,-0.01633177140419928,0.012510121659224277,0.0033942950898717683,-0.0006237057135465296,0.012024678621666118
MH_02_easy,113,1403636887766666624,1403636888766666624,0.1901590000020145,0.007346512405002059,0.18923190115125976,-0.017255770742831467,0.011697324066761322,0.00310128397705256,0.001600728935193585,0.011164546336172587
MH_02_easy,114,1403636888016666624,1403636889016666624,0.19273491777748378,0.007710068747037724,0.1916086525445133,-0.0193242759420722,0.010662303372248562,0.0034535650735376677,0.004069930183673742,0.009230020031653519
MH_02_easy,115,1403636888266666624,1403636889266666624,0.19541361087599035,0.007534130569686326,0.19401505506163508,-0.022087883592200597,0.009797851674643995,0.0032809178528028227,0.006577256379872276,0.0064786706965945795
MH_02_easy,116,1403636888516666624,1403636889516666624,0.19635313051201253,0.0070719121697058185,0.19459481178323856,-0.025246765083419165,0.008389693247438181,0.0027911737691477256,0.007208599743013577,0.0032607348131297176
MH_02_easy,117,1403636888766666624,1403636889766666624,0.19166876018351944,0.003959752171282638,0.18974024794812228,-0.026830436105561017,0.0027630223886557534,-0.00034978086166148614,0.002270761073281058,0.0015347932163974898
MH_02_easy,118,1403636889016666624,1403636890016666624,0.18514382820071262,0.0042907486462135935,0.18364943536995382,-0.02308054343309862,0.0065612099499725565,-0.00013327607260738006,-0.0038435970869288294,0.005315870100881082
MH_02_easy,119,1403636889266666624,1403636890266666624,0.1878423392091492,0.007869513998330468,0.1863822594201081,-0.022010645661830752,0.0073306507234111255,0.0034974799791109845,-0.0010794713969748404,0.0063514419880432715
MH_02_easy,120,1403636889516666624,1403636890516666624,0.1906737027625859,0.009143674785395461,0.18871076613197513,-0.0257118821266914,0.005718888274268965,0.004824017070219178,0.0013825186760814123,0.0027428424143743912
MH_02_easy,121,1403636889766666624,1403636890766666624,0.19512993402589202,0.013087112156996206,0.1928001528567309,-0.02706510127009265,0.010391693929388594,0.00874549396468538,0.005438315782425374,0.001388653839647036
MH_02_easy,122,1403636890016666624,1403636891016666624,0.19524654774209727,0.013242706014326977,0.19289368983223398,-0.027163754628752645,0.0105391951422002,0.00893921020891053,0.005450559732135485,0.0012068776626937838
MH_02_easy,123,1403636890266666624,1403636891266666624,0.1859385419626796,0.006007052216965292,0.18378957381545202,-0.027539957654366898,0.004120021115251905,0.001651598697173462,-0.003698204280806694,0.000755036973293044
MH_02_easy,124,1403636890516666624,1403636891516666624,0.18350803584161282,0.0010465627821201196,0.1821397575906003,-0.02234306670148689,0.008598335580620953,-0.003198749680424662,-0.005316905055308796,0.005952301728893383
MH_02_easy,125,1403636890766666624,1403636891766666624,0.19055161084802183,0.002545485104292311,0.18851397851804497,-0.027675201998501486,0.0021498836141870645,-0.0017580640910281886,0.000998578584362031,0.0007307879427308483
MH_02_easy,126,1403636891016666624,1403636892016666624,0.1911122943059423,-0.00022101367125593185,0.18939713259560387,-0.025545769755508707,0.005651458406136757,-0.004502799111858025,0.0018165499203102176,0.0028920457571700586
MH_02_easy,127,1403636891266666624,1403636892266666624,0.19120996456002332,0.0015900297592716939,0.18998870588337313,-0.02151775985485338,0.007823856463298919,-0.0027177379824419035,0.002417511038781628,0.006926923602470714
MH_02_easy,128,1403636891516666624,1403636892516666624,0.19216887735670773,0.0019551028111743918,0.19096773170217607,-0.02136306265638921,0.008213349388471023,-0.002342125185050392,0.0034124875165568724,0.007094257307427854
MH_02_easy,129,1403636891766666624,1403636892766666624,0.19331679943509159,0.0015806604398882484,0.19204247546480557,-0.022103711764107636,0.008278138159451274,-0.0027322230073947296,0.004503441175464973,0.006386043094432803
MH_02_easy,130,1403636892016666624,1403636893016666624,0.1943288690510094,0.00011983321124287016,0.19295783480902617,-0.0230427639934625,0.008790458470934273,-0.004219351767137169,0.005416273287013329,0.005489372867164555
MH_02_easy,131,1403636892266666624,1403636893266666624,0.19615603183080388,0.0002058876240154106,0.1948216014406574,-0.02284053515115747,0.010147818422845184,-0.0041623036570008765,0.007310192347116162,0.005675784955239016
MH_02_easy,132,1403636892516666624,1403636893516666624,0.19568543988997264,-0.00014488251810451658,0.19427740704648389,-0.02343201880510648,0.009576505044967334,-0.0044912526258693575,0.006769726206866666,0.005070395035001618
MH_02_easy,133,1403636892766666624,1403636893766666624,0.1945238943697986,-0.0016448623757945313,0.1929554135384728,-0.024597729463391893,0.009032444973548333,-0.006021351841449807,0.005469858887931611,0.00392543347259422
MH_02_easy,134,1403636893016666624,1403636894016666624,0.1953324374443646,0.00012502891151555673,0.19380289207650225,-0.02439640359789763,0.008687022431887919,-0.004256940244282248,0.006326701571795379,0.004161209645064279
MH_02_easy,135,1403636893266666624,1403636894266666624,0.19596773874283607,0.0002273701367290215,0.19436470041142417,-0.02501331974726073,0.008808403491618133,-0.004152672631407839,0.006896659376816494,0.0035748246848867904
MH_02_easy,136,1403636893516666624,1403636894516666624,0.19636816161289314,-0.0008690119144691977,0.1946179425052228,-0.02614490712459372,0.009196011920053966,-0.00523719905059572,0.0071502146977850956,0.0024521034060153157
MH_02_easy,137,1403636893766666624,1403636894766666624,0.19685234829097273,-0.002554502570359496,0.19503788457697335,-0.02654326890244829,0.01045958310800125,-0.006899258712834921,0.00758661869368793,0.0020606612538555114
MH_02_easy,138,1403636894016666624,1403636895016666624,0.19781749339598084,-0.003907547706981873,0.19595852942930891,-0.026772121848842256,0.011989642213526804,-0.00825384488572034,0.008496421636212448,0.0018537487398655461
MH_02_easy,139,1403636894266666624,1403636895266666624,0.19799047957981808,-0.005371513728561261,0.19610271467238727,-0.02674139380493279,0.013135940416278864,-0.009731109405591631,0.008614399903106529,0.0019106424746123674
MH_02_easy,140,1403636894516666624,1403636895516666624,0.1984067917978909,-0.006592108627208937,0.19670240189822352,-0.025099088087985222,0.01474704869425665,-0.010983305995191373,0.009164923584286777,0.00358421683230159
MH_02_easy,141,1403636894766666624,1403636895766666624,0.19905668520643868,-0.006162909829093621,0.19775657658333623,-0.021861355993001874,0.016179982091694595,-0.01056126595987994,0.010186136696099801,0.006818658300619562
MH_02_easy,142,1403636895016666624,1403636896016666624,0.19928761216494006,-0.0062835013860880196,0.19820560088087302,-0.019763849629732322,0.0174627212417427,-0.010653630918650236,0.010630133606395642,0.008857033415662907
MH_02_easy,143,1403636895266666624,1403636896266666624,0.19740346711978735,-0.0023209290965660045,0.19625150996451368,-0.021168064523948815,0.013303155813245746,-0.006670115048546421,0.008773206540532597,0.007450796388830172
MH_02_easy,144,1403636895516666624,1403636896516666624,0.194720203544251,-0.0016641759289708347,0.1935421920762308,-0.021321540120717408,0.011288676124242635,-0.006027325070876444,0.006076571458473401,0.007360763577109131
MH_02_easy,145,1403636895766666624,1403636896766666624,0.1995473561291777,-0.006151716931216633,0.1981055312479607,-0.023140920593319736,0.016008753396940183,-0.010523692980410893,0.01066939980266457,0.005629918225782293
MH_02_easy,146,1403636896016666624,1403636897016666624,0.2054120567953217,-0.01340700782532167,0.20312007877815885,-0.027506341363598086,0.023692693482191524,-0.01776416516858692,0.015625003761662093,0.0012796162519636
MH_02_easy,147,1403636896266666624,1403636897266666624,0.20586409802075784,-0.017592502391748255,0.20319108303461197,-0.027998472971180854,0.027069532512562396,-0.02183311122300413,0.0159773736387836,0.0008935190984565855
MH_02_easy,148,1403636896516666624,1403636897516666624,0.20834286861759455,-0.014870227250818324,0.20636334143568758,-0.024490785140846683,0.028011205386749984,-0.019205876061175076,0.01958603697516481,0.005670018302347035
MH_02_easy,149,1403636896766666624,1403636897766666624,0.2093931754617009,-0.011046387749929387,0.20776350782065722,-0.023617875977076652,0.027075376006409177,-0.015913136837513164,0.020499171188559373,0.007722178608472907
MH_02_easy,150,1403636897016666624,1403636898016666624,0.2122416403119205,-0.008945798727364895,0.21085460860854477,-0.02251267633937637,0.02723309211956177,-0.015450403070212282,0.02089181992636302,0.008152190596700581
MH_02_easy,151,1403636897266666624,1403636898266666624,0.20968834398230507,-0.007237601624476397,0.20837040351758218,-0.022329210973226155,0.02601127469413825,-0.016890207386881073,0.018965772196548603,0.005621991696070805
MH_02_easy,152,1403636897516666624,1403636898516666624,0.2009840976434199,0.0035046285308153458,0.19745704221269933,-0.0373234720385579,0.018556926941541964,-0.010286918062809569,0.01034031051262474,-0.01147243796170938
MH_02_easy,153,1403636897766666624,1403636898766666624,0.18941192674926938,0.013819186752058066,0.18586096404291652,-0.03378772140023689,0.008708738332189627,-0.0002645938772349865,0.001362168777379713,-0.008597476934578574
MH_02_easy,154,1403636898016666624,1403636899016666624,0.19050336697949907,0.020488324539756242,0.18580723090448847,-0.036707415213896866,0.014787227437383291,0.009433508878964325,0.0006135346655458118,-0.011370777490109285
MH_02_easy,155,1403636898266666624,1403636899266666624,0.1863570928778998,0.011854209652180536,0.18291488240620346,-0.033624240865023025,0.00781863834242921,0.003891287939774557,-0.0009922353698170738,-0.006708535806743021
MH_02_easy,156,1403636898516666624,1403636899516666624,0.1863803402062852,0.008347270065947932,0.18179516071240687,-0.04023026024532894,0.010973955718317451,0.0012160747780027847,-0.0011962338716524634,-0.010840566902436843
MH_02_easy,157,1403636898766666624,1403636899766666624,0.18820671708062933,0.011672095630950174,0.1850492972827844,-0.03228448718808585,0.0028633746707382155,0.0013928039747641563,0.0023478571561557082,-0.000864047664885903
MH_02_easy,158,1403636899016666624,1403636900016666624,0.19490687238100193,0.02360735070753517,0.190856800412736,-0.031702738527273455,0.009652640399805928,0.004091563965404887,0.00872506900612513,0.0005529392763409247
MH_02_easy,159,1403636899266666624,1403636900266666624,0.194831759160807,0.0391739333658192,0.18885209805727743,-0.027562699100587507,0.008573844512650586,0.003251288819362763,0.007057882955108008,0.003623012411266502
MH_02_easy,160,1403636899516666624,1403636900516666624,0.19814631326699406,0.035235229972461646,0.19298909376951423,-0.02785048861530315,0.018121157278032783,-0.013647436761520915,0.011628885374729947,0.002625421085631796
MH_02_easy,161,1403636899766666624,1403636900766666624,0.1921478750947422,0.030401864763508257,0.18862907505141657,-0.02038638191472575,0.025892404737313624,-0.02302478367580818,0.00876714940510226,0.007963231195420195
MH_02_easy,162,1403636900016666624,1403636901016666624,0.18812157324139142,0.03627543242194964,0.1831813069816759,-0.022769016094284278,0.017550210058764733,-0.01607515143623761,0.005447768837311129,0.0044633164915807155
MH_02_easy,163,1403636900266666624,1403636901266666624,0.1860822116235244,0.04117030460548232,0.17840821106552784,-0.033197977736482476,0.009967155817529164,-0.008155090614985205,0.003830039817162012,-0.004262568140363188
MH_02_easy,164,1403636900516666624,1403636901516666624,0.19405901224838176,0.042180573280726996,0.184538089242697,-0.042724619263150854,0.01525680392224261,-0.0069076027592105405,0.008279901213801732,-0.010793439022498297
MH_02_easy,165,1403636900766666624,1403636901766666624,0.1967940256893688,0.0435961342904454,0.1858230175266642,-0.047927776698303504,0.01730283534377414,-0.004516180022498872,0.007948121498902339,-0.014690799623465978
MH_02_easy,166,1403636901016666624,1403636902016666624,0.19382965406243258,0.04061464047825858,0.18467297026463025,-0.0426178346050462,0.014311019909535934,-0.005190305885477642,0.007644845747570295,-0.010928053310730435
MH_02_easy,167,1403636901266666624,1403636902266666624,0.1793006013106632,0.023886363660970744,0.16970195974206492,-0.05271994045068551,0.03278616872930197,-0.02148398584224198,-0.00681342942299501,-0.02381067810404547
MH_02_easy,168,1403636901516666624,1403636902516666624,0.1785587048135853,0.014271274458258265,0.1718069594163954,-0.046496349169964035,0.03701188347741487,-0.031573675444649396,-0.004844134493770413,-0.018695371043869202
MH_02_easy,169,1403636901766666624,1403636902766666624,0.18336485445151102,0.015518310742464347,0.18195602453818643,-0.01654862574303473,0.032943771087263554,-0.03074246983198048,0.004348444786353489,0.011012884727437555
MH_02_easy,170,1403636902016666624,1403636903016666624,0.19192400741491394,0.02010107332652833,0.19086746947063912,-0.0006169045275495888,0.03954324108884828,-0.027393932682002742,0.011272957971715458,0.026194670957899402
MH_02_easy,171,1403636902266666624,1403636903266666624,0.19947525281328476,0.037232441129981364,0.19596421491813376,0.0014657025434312576,0.032814682567523755,-0.01372703702947664,0.011835024117965609,0.027355146691726895
MH_02_easy,172,1403636902516666624,1403636903516666624,0.19287527902546545,0.042011683801364885,0.18816612414362563,-0.005422306528678145,0.023010950079847225,-0.011215074627226151,0.0031376078279400366,0.019846444059352764
MH_02_easy,173,1403636902766666624,1403636903766666624,0.19162164965680678,0.04375376790695462,0.18393882267219022,-0.031160454507418667,0.009437463280197603,-0.006288635168076873,0.00408559475491567,-0.005729458646897667
MH_02_easy,174,1403636903016666624,1403636904016666624,0.19532379600967784,0.037220578529120196,0.18777973259053,-0.03879156931366512,0.019189592332154542,-0.009953689762001616,0.010147997250239349,-0.012891185585711007
MH_02_easy,175,1403636903266666624,1403636904266666624,0.19334837776237884,0.038594419459145435,0.18575225369817494,-0.03728493282820744,0.014841885691822107,-0.009322643788040264,0.00547282904544466,-0.010169465370891695
MH_02_easy,176,1403636903516666624,1403636904516666624,0.1920903514289774,0.04391370257029248,0.18295462476980967,-0.03870264996113404,0.010324973897674132,-0.004795632208379086,0.0010313149338895267,-0.00908533913603371
MH_02_easy,177,1403636903766666624,1403636904766666624,0.1874361821203585,0.0437562511954388,0.17669954526343068,-0.04466523875313633,0.013335310589244193,-0.002577222786587452,-0.001695316331557839,-0.012973601418104996
MH_02_easy,178,1403636904016666624,1403636905016666624,0.1904300277112165,0.05011169624397027,0.17499331174633337,-0.055944206113746286,0.025667737848401238,0.006205318488368583,-0.00018477067446320827,-0.02490567502618668
MH_02_easy,179,1403636904266666624,1403636905266666624,0.19287915366575958,0.05632974706663463,0.17674335194793822,-0.052831004688874694,0.026859619924426398,0.011580565747253857,0.0007930258363324505,-0.02422190722220452
MH_02_easy,180,1403636904516666624,1403636905516666624,0.18539332276947934,0.0454828133281211,0.17694211023064477,-0.031519635886126496,0.0067928159248449894,-0.002624471120386218,-0.0024721044149306204,-0.005757013052683391
MH_02_easy,181,1403636904766666624,1403636905766666624,0.18700923130847552,0.04006566857907101,0.18157484902883314,-0.01994414691219948,0.010979091102795756,-0.010414529833166597,0.00111448481939469,0.003291797895514037
MH_02_easy,182,1403636905016666624,1403636906016666624,0.19212351236852152,0.03939311007989987,0.1858478515023554,-0.02863918600464732,0.014918464304883245,-0.010617736996323401,0.008118886587190621,-0.006626305069744154
MH_02_easy,183,1403636905266666624,1403636906266666624,0.1905515824296285,0.046827602405788316,0.18207396439783285,-0.031082997085506436,0.011457194736487182,-0.0013505035835508217,0.006834084383673611,-0.009096083879199579
MH_02_easy,184,1403636905516666624,1403636906516666624,0.19283950169152325,0.048926055275877456,0.18421355087369795,-0.02930327971883484,0.008641838850350397,0.0017451315505545573,0.005457189861733713,-0.006469541977580429
MH_02_easy,185,1403636905766666624,1403636906766666624,0.19842607638688345,0.048088914987438613,0.1884921162286206,-0.039129096146989895,0.015485347671964802,0.0018906502718989415,0.0073374722726216035,-0.013504922610644732
MH_02_easy,186,1403636906016666624,1403636907016666624,0.19652163531692746,0.0559386721066959,0.1836456413633416,-0.042022571539898745,0.018803295352735408,0.011739554267496732,0.004254482395862125,-0.014058668545278374
MH_02_easy,187,1403636906266666624,1403636907266666624,0.19609280092707732,0.06429924823930744,0.18153877069060664,-0.03690078572916344,0.024092100129743044,0.022507010320871768,0.0029861781478459637,-0.00805894007590724
MH_02_easy,188,1403636906516666624,1403636907516666624,0.2013869750799966,0.06729901771583968,0.1862748416630613,-0.03645873434111091,0.028424429896097562,0.026200061848168144,0.006545371951772072,-0.008869220940042277
MH_02_easy,189,1403636906766666624,1403636907766666624,0.190709303337639,0.05427272918545123,0.18115503838045965,-0.024644701573856898,0.01128946854347641,0.010912399565356612,-0.002381077020453537,0.0016438089739432282
MH_02_easy,190,1403636907016666624,1403636908016666624,0.18290529947864728,0.03892366517202195,0.17786251803228104,-0.017441947889111464,0.012728722178034514,-0.003960182433165205,-0.005184880742785447,0.0109295166894392
MH_02_easy,191,1403636907266666624,1403636908266666624,0.1836358671610785,0.023969406856881204,0.17969946441671336,-0.029252379925006622,0.01694838798162542,-0.016866004442853022,-0.0009630487631153706,0.0013631897847434793
MH_02_easy,192,1403636907516666624,1403636908516666624,0.18589489991576472,0.01629039987660663,0.1812245180837646,-0.038068500520242576,0.022617084023982176,-0.020937056635254248,0.00425105080086996,-0.007422985672116633
MH_02_easy,193,1403636907766666624,1403636908766666624,0.1791298592707,0.01949107587890775,0.17196568624234154,-0.046210466332033295,0.024824012918426532,-0.01643494765045883,-0.005745149568324948,-0.017695122761327786
MH_02_easy,194,1403636908016666624,1403636909016666624,0.1800296104143318,0.03838346585810237,0.16903623866410733,-0.048622219128161115,0.026144433766093593,0.0015187064359181157,-0.013889475764565784,-0.022097678853144176
MH_02_easy,195,1403636908266666624,1403636909266666624,0.18745496786171847,0.04554043035442912,0.17746607947659854,-0.039638678262233995,0.01773848124675718,0.009384767890495693,-0.007812567827218952,-0.012866376044876837
MH_02_easy,196,1403636908516666624,1403636909516666624,0.18854655732796577,0.03371647811952938,0.18143091780197373,-0.03867590269116716,0.010994028081075607,-0.00048349373497780235,-0.0019378140679542355,-0.010811094481769867
MH_02_easy,197,1403636908766666624,1403636909766666624,0.18612283370265853,0.025412795576682745,0.18081970848710016,-0.036057344177370165,0.009556690467779438,-0.00587763031950872,0.003114629554614723,-0.00686169638366918
MH_02_easy,198,1403636909016666624,1403636910016666624,0.18704787339071374,0.02635993237308698,0.18052957862861474,-0.041244783251334516,0.01332232523340025,-0.00393307917189456,0.005243498218918674,-0.011598317303828987
MH_02_easy,199,1403636909266666624,1403636910266666624,0.18101326801669193,0.03373787108892534,0.1766007232212159,-0.02097006938980628,0.006756763533167193,0.002891554935318452,-0.00025679617142282396,0.006101378469290042
MH_02_easy,200,1403636909516666624,1403636910516666624,0.18216355915553342,0.041249632310589424,0.17668177932597917,-0.0162965938974593,0.012528608674605507,0.0077595518520459095,-0.00582626433141975,0.0079252781854795
MH_02_easy,201,1403636909766666624,1403636910766666624,0.17475129581924956,0.03127377889217753,0.17178856542985033,-0.006975308728944807,0.021512933973273238,-0.004624323087284998,-0.014496436087523268,0.015207738322418951
MH_02_easy,202,1403636910016666624,1403636911016666624,0.17072386526579453,0.023074787016100107,0.16902970866696343,-0.006568863175333117,0.025924410743947836,-0.012382791014017847,-0.015577964145342182,0.016615311980535008
MH_02_easy,203,1403636910266666624,1403636911266666624,0.17325012308850654,0.017248159891587234,0.17067708906887802,-0.024237107861937446,0.01933401767927354,-0.016056314709876007,-0.010632842408650589,0.0017151267803525716
MH_02_easy,204,1403636910516666624,1403636911516666624,0.1784701478018749,0.032316881616544973,0.16858296384857363,-0.04885690451753777,0.0262311907407465,-0.0014764717328248356,-0.014714400854671794,-0.021665221124826495
MH_02_easy,205,1403636910766666624,1403636911766666624,0.18666718927222442,0.054932160966888396,0.1686957341318882,-0.05804176537635297,0.040354708052157615,0.021134981942816683,-0.016247271499019167,-0.030295893601094637
MH_02_easy,206,1403636911016666624,1403636912016666624,0.20579982536264543,0.0806485094568957,0.17968285423907693,-0.059694706081653504,0.05853815393082452,0.048675798294097405,-0.0026914341438368794,-0.03240583756533133
MH_02_easy,207,1403636911266666624,1403636912266666624,0.21088280937132897,0.07665177856623744,0.19272949051654864,-0.038097343952149254,0.04770870639920656,0.04461221569459267,0.013459151400667668,-0.010233382660622903
MH_02_easy,208,1403636911516666624,1403636912516666624,0.20395962116157407,0.05075784433752664,0.1968464735965756,-0.016572089040700178,0.026209940523174047,0.017066912034041815,0.015468544628916447,0.012506223367340752
MH_02_easy,209,1403636911766666624,1403636912766666624,0.18349440625450789,0.025620437094698856,0.18166591905001805,-0.0033591941717092677,0.02831263407872364,-0.00864911512216171,-0.0006187394886651987,0.02695209115308983
MH_02_easy,210,1403636912016666624,1403636913016666624,0.17875562541902007,0.017436629156058037,0.17786356214969112,0.003753777036809902,0.038570051986345825,-0.016636245742215894,-0.0022461283574162216,0.034725194675279125
MH_02_easy,211,1403636912266666624,1403636913266666624,0.1857756408206812,0.023784952969689188,0.18419488678398377,-0.0043713175587949404,0.029671727806853957,-0.010052424057136244,0.006065342508243088,0.02725017104308225
MH_02_easy,212,1403636912516666624,1403636913516666624,0.18994029923274988,0.02464808201084301,0.18782338415832012,-0.013862383962703895,0.02158652722469733,-0.010662323415189356,0.006047471912091762,0.017768542441206736
MH_02_easy,213,1403636912766666624,1403636913766666624,0.1939320200501106,0.02145711219459856,0.19270784934360874,-0.0035924279179840868,0.031493911827441164,-0.014526122055006141,0.008555142238761082,0.02660202626703967
MH_02_easy,214,1403636913016666624,1403636914016666624,0.18084844491778745,0.007530157306952279,0.18069138780449734,0.0002813065930774572,0.04098368992991385,-0.028979603557996225,-0.004353315242217715,0.028651248913347027
MH_02_easy,215,1403636913266666624,1403636914266666624,0.18260582650418092,0.009038816909213931,0.18238133470777562,0.0004862225488824201,0.03952552757333833,-0.027103485301142483,-0.001614748644805708,0.028723875109315955
MH_02_easy,216,1403636913516666624,1403636914516666624,0.1842973791854618,0.02161324313951285,0.1824532219532191,-0.014464214272180476,0.019877546553850652,-0.01450421190104012,-0.0006031267215211855,0.013578694056794016
MH_02_easy,217,1403636913766666624,1403636914766666624,0.1864558028163067,0.029767995074868603,0.1826063693453719,-0.02312026703127934,0.00828866232389424,-0.0069746024686370145,-0.0012216612651192449,0.004308641001212976
MH_02_easy,218,1403636914016666624,1403636915016666624,0.19048024356071913,0.035186287577715136,0.184462242159376,-0.03191127654897141,0.005409478901740631,-0.0009025286093791163,0.001640949882347087,-0.005074956904374095
MH_02_easy,219,1403636914266666624,1403636915266666624,0.1910226493013754,0.0345627208022381,0.18406941943098865,-0.03759680448125313,0.012500609615154448,-0.0010513550027255736,0.003006698102407057,-0.012087996522572197
MH_02_easy,220,1403636914516666624,1403636915516666624,0.18585084983695188,0.03490456776776796,0.17987897499070105,-0.031076741952097753,0.006705119296749251,-1.4137499501742923e-05,0.0016750861829422092,-0.00649249653018491
MH_02_easy,221,1403636914766666624,1403636915766666624,0.18775769007390386,0.04194485050040364,0.18058285146538644,-0.029722272036590724,0.006759481077755992,0.004514261978579626,-0.00046709151333779175,-0.0050093760836514845
MH_02_easy,222,1403636915016666624,1403636916016666624,0.1901708462837682,0.04143773907612891,0.18400607931647706,-0.02428224312376437,0.002888133798117193,0.00046663813905101215,-0.0007234027856233283,0.002756855834598948
MH_02_easy,223,1403636915266666624,1403636916266666624,0.1912108263705176,0.04214488399363958,0.18386328039153632,-0.03129988814871687,0.0021075833554322233,0.0010420386499248036,0.00018769612600877394,-0.0018223153449496987
MH_02_easy,224,1403636915516666624,1403636916516666624,0.19183759581112933,0.05162888581714564,0.1834861309682676,-0.021655508725728634,0.015841906420140883,0.01341659738991674,0.0016378751887540233,0.008263067128339463
MH_02_easy,225,1403636915766666624,1403636916766666624,0.19554335905968143,0.054128754034657556,0.18570632131458442,-0.02864341953753713,0.019021243430648538,0.01808687380814833,0.005719870092240953,-0.0013984933407047428
MH_02_easy,226,1403636916016666624,1403636917016666624,0.17864887548428182,0.0522719622113923,0.16932008249807762,-0.022666546742135196,0.018006842428739914,0.015058139279545468,-0.009763593543124394,0.0014734506493050414
MH_02_easy,227,1403636916266666624,1403636917266666624,0.17667088636735445,0.04598418692494999,0.1692626845925913,-0.021170740355190287,0.009121180513559696,0.005519210310241052,-0.007025561014171622,0.0018373197730449098
MH_02_easy,228,1403636916516666624,1403636917516666624,0.17992201557410994,0.04981661522082903,0.17107738737120126,-0.024955241261788497,0.0033623901286616545,0.0011857367498666616,-0.002676451711439931,-0.0016541771288671736
MH_02_easy,229,1403636916766666624,1403636917766666624,0.18747400342334308,0.05835517488827979,0.1764313826085404,-0.024761719531824822,0.0027965894576540084,0.00011705766296321585,0.00277943628658317,-0.0002862586715330906
MH_02_easy,230,1403636917016666624,1403636918016666624,0.1976124902525706,0.06567398956968651,0.1835321933851839,-0.03245854878220045,0.011350687120333342,-0.0026683929506998716,0.008246073464563963,-0.00732939626308815
MH_02_easy,231,1403636917266666624,1403636918266666624,0.2009061760203599,0.07754756031774868,0.1845587183083186,-0.016963105502226572,0.01471783566332021,-0.002922053828654292,0.012206053344785417,0.0076869076863976815
MH_02_easy,232,1403636917516666624,1403636918516666624,0.19505568772084164,0.08968486968488709,0.1725997303206661,-0.01458350284014931,0.011090575821770594,-0.0013327615809564097,0.005519885706750216,0.009526567084274573
MH_02_easy,233,1403636917766666624,1403636918766666624,0.193988340477273,0.10224777283363617,0.16467891575292182,-0.007597624505699896,0.01570074344974153,0.004602251707501059,-0.0004582994253139461,0.015004085634658382
MH_02_easy,234,1403636918016666624,1403636919016666624,0.19996666938807756,0.10068179088921014,0.17159660807845523,-0.020110940939476296,0.00643879720562571,-0.0012379306368877074,0.005871061905105002,0.0023358658565622026
MH_02_easy,235,1403636918266666624,1403636919266666624,0.20410105805735135,0.10101835970380302,0.17592666642724986,-0.022412963719207868,0.013198629419952436,-0.0008276539766183255,0.012512672497718924,0.0041172605485990665
MH_02_easy,236,1403636918516666624,1403636919516666624,0.20239844720127054,0.09314640549033282,0.1785189716232205,-0.02049037199037107,0.023898883990593176,-0.005215355388514364,0.019855448134088682,0.012235926755331583
MH_02_easy,237,1403636918766666624,1403636919766666624,0.1997745690521345,0.09534791062935222,0.17407947429004977,-0.022693413350199698,0.023456578062481633,0.0010871312062423755,0.019119448153094076,0.013545327698614607
MH_02_easy,238,1403636919016666624,1403636920016666624,0.18941939778252542,0.10764576558166228,0.1529485941930755,-0.029980409319992907,0.014461242806424267,0.013877724961224303,0.0015812606718714761,0.0037464527348629595
MH_02_easy,239,1403636919266666624,1403636920266666624,0.17886593082205335,0.10964463517146483,0.137278597721334,-0.03355088366377412,0.01812897291776203,0.013457372307494442,-0.011636238581717251,-0.003486651875336255
MH_02_easy,240,1403636919516666624,1403636920516666624,0.1732479560309374,0.1047784713119615,0.1324101015593797,-0.03878003640355221,0.019619580807516128,0.004681146805510572,-0.01627079796003361,-0.009913422688036633
MH_02_easy,241,1403636919766666624,1403636920766666624,0.18071746314179016,0.11384613471085525,0.13615769606724548,-0.034043221020662706,0.019511432662790543,0.009702732646827306,-0.016158442563807718,-0.0050455641558628805
MH_02_easy,242,1403636920016666624,1403636921016666624,0.19670812566339083,0.12092157592076025,0.1524204018915638,-0.028984138180362384,0.014226120267570912,0.013347402031367972,-0.0046651068735519274,-0.001570393179673335
MH_02_easy,243,1403636920266666624,1403636921266666624,0.19438928786788512,0.11450966789720995,0.15297038755621717,-0.03570422561483322,0.01385190131827669,0.0062532151731202745,-0.00465499230048394,-0.011450044402200765
MH_02_easy,244,1403636920516666624,1403636921516666624,0.1878647795612841,0.11442336711325996,0.1458650146219842,-0.030395163552814575,0.013786974906347336,0.009441615131678072,-0.007425025376044836,-0.006767981895558606
MH_02_easy,245,1403636920766666624,1403636921766666624,0.18523843835921489,0.10813630249450212,0.14495282335518223,-0.040106085946393755,0.016620261846688578,0.006591287765677967,-0.0036786680483551493,-0.01480727628000933
MH_02_easy,246,1403636921016666624,1403636922016666624,0.1821319672782659,0.10562732446365541,0.14449332691534789,-0.033713503351556096,0.00829917323623256,0.0028662205557565823,-0.004388546120209114,-0.00643441676312273
MH_02_easy,247,1403636921266666624,1403636922266666624,0.17885229785878037,0.09540426654207956,0.14846237109318494,-0.029070513313720125,0.010934970318612456,-0.01040783973621151,-0.003246809073650603,-0.0008418305848163499
MH_02_easy,248,1403636921516666624,1403636922516666624,0.1854828676243805,0.08943532234566076,0.1618030523073264,-0.014999652100092353,0.02463319558585273,-0.019189169812602103,0.008649742295561147,0.012796563792455196
MH_02_easy,249,1403636921766666624,1403636922766666624,0.1828997892917063,0.08603723035052946,0.1596497080826822,-0.023704400976925277,0.025927345282650185,-0.02427220169121158,0.0089609376383466,0.0016700464390464465
MH_02_easy,250,1403636922016666624,1403636923016666624,0.1856697878407663,0.09959099097011359,0.15355181741146762,-0.031252903930054754,0.017096494349447766,-0.014374012425152127,0.005408364192002857,-0.007511822855268413
MH_02_easy,251,1403636922266666624,1403636923266666624,0.19016117792753978,0.109874258339407,0.14857397602366884,-0.04488534943244804,0.021853706039597295,-0.008351572000670826,0.006257019952244036,-0.019201182622431423
MH_02_easy,252,1403636922516666624,1403636923516666624,0.194569262833659,0.12285775169941338,0.1397750433850833,-0.056798839193216266,0.02879947195661486,0.0003347549658592186,0.003243353529734705,-0.02861430030550871
MH_02_easy,253,1403636922766666624,1403636923766666624,0.19597528778686726,0.13329339241242222,0.13134876167509812,-0.058195255551906855,0.03010590123272227,0.0054298349339316765,-0.00252838380486331,-0.0295040583133912
MH_02_easy,254,1403636923016666624,1403636924016666624,0.20019875354863076,0.14153814815736654,0.13130673003004123,-0.05296259234050604,0.027292690749053196,0.006569578116500274,-0.00041397283487398795,-0.026486982428858163
MH_02_easy,255,1403636923266666624,1403636924266666624,0.19078103099845267,0.14222280126608622,0.12118313986020546,-0.038532106125694576,0.01569753736489156,0.0009155477469298123,-0.00471692761889031,-0.014944063887825432
MH_02_easy,256,1403636923516666624,1403636924516666624,0.186855187103575,0.13503922301632487,0.12549174821802733,-0.030513772691073804,0.011188841460349737,-0.007307820475629834,0.004055126587155122,-0.007439212423567043
MH_02_easy,257,1403636923766666624,1403636924766666624,0.18736288105082843,0.1385762709939551,0.1227898407603707,-0.028707513286936215,0.006425784006048514,-0.004097835040646647,0.0027604751360144064,-0.0041083117086564425
MH_02_easy,258,1403636924016666624,1403636925016666624,0.18865458050132652,0.13243980152517554,0.12944881737124625,-0.035961832507386715,0.01544254800680241,-0.008716190087505904,0.010509321081077161,-0.00721487974367474
MH_02_easy,259,1403636924266666624,1403636925266666624,0.18922263785284857,0.13133519772690505,0.12857455352849634,-0.04499840773819508,0.01641136010024414,-0.003975875570161547,0.011448830785893982,-0.011065686938750985
MH_02_easy,260,1403636924516666624,1403636925516666624,0.18335234340537598,0.13744482713522954,0.11372587851580196,-0.04234885927411558,0.010309822905446,0.005505541235221401,-0.004240684330129696,-0.007615645767834023
MH_02_easy,261,1403636924766666624,1403636925766666624,0.18609066790140108,0.14782434775929576,0.10722701553068603,-0.035778010424146744,0.017740115663881083,0.00925609193935406,-0.013991650571049341,-0.005768030866401319
MH_02_easy,262,1403636925016666624,1403636926016666624,0.19560891424256435,0.15586441736028478,0.11660170024193572,-0.019317718104983728,0.008545760533205137,0.005995026420881677,-0.00413694794047359,0.004469378373065824
MH_02_easy,263,1403636925266666624,1403636926266666624,0.19771775452998078,0.14642743703412098,0.1323425421566462,-0.01169477128945251,0.020168166662796135,-0.006547190283831439,0.016487264620177022,0.009594756446616226
MH_02_easy,264,1403636925516666624,1403636926516666624,0.19453723075303395,0.14374789859642778,0.13011336060148793,-0.015867866622752524,0.02202081220649036,-0.00297877277893166,0.020277179478861207,0.008054754828488608
MH_02_easy,265,1403636925766666624,1403636926766666624,0.18339181663023532,0.15464693910486838,0.0964090429849831,-0.02054699645088487,0.018092084491374255,0.01134028922964081,-0.011750412550295408,0.007787757464699174
MH_02_easy,266,1403636926016666624,1403636927016666624,0.19068806073642564,0.16639440179276188,0.0886626482119004,-0.02852673082392143,0.030912901400050864,0.019157456573422937,-0.024075408940240628,0.002995666030595312
MH_02_easy,267,1403636926266666624,1403636927266666624,0.19380148574852846,0.1546406932826454,0.11624356134239822,-0.01151982230053794,0.022668405895885705,0.005749651120607879,0.0013481926863203597,0.02188562346227474
MH_02_easy,268,1403636926516666624,1403636927516666624,0.19320191561875524,0.13325941252335505,0.13859196755664005,-0.019004623160329692,0.034308200361414375,-0.0142357227197083,0.027928673556848693,0.013942238128848428
MH_02_easy,269,1403636926766666624,1403636927766666624,0.19402068621699367,0.13985583475880636,0.1321636437413698,-0.02484237180775728,0.03372796445982553,-0.011832292264409627,0.030866096906373208,0.006697500141039536
MH_02_easy,270,1403636927016666624,1403636928016666624,0.19302895925496996,0.1633142241350234,0.09875413466123462,-0.028918232891083417,0.009425398137539032,-0.0006845219688278448,0.009391974017864513,-0.00040047942902754485
MH_02_easy,271,1403636927266666624,1403636928266666624,0.1960695229696002,0.17641436757512485,0.08011101059721781,-0.03005752371183923,0.007238972487320426,0.0036641190903599075,0.004286649885672844,-0.0045388970820567365
MH_02_easy,272,1403636927516666624,1403636928516666624,0.1858389384787826,0.16983790352205164,0.06966266632431939,-0.028953592225172353,0.004613224564436603,-0.0016905588727800236,0.002461718767506227,-0.0035162184643866556
MH_02_easy,273,1403636927766666624,1403636928766666624,0.18104240867451393,0.17056893030561948,0.05685509599405947,-0.021215367368318694,0.009979602960131957,0.0007318883834486201,-0.007962391113771616,0.005971360179002627
MH_02_easy,274,1403636928016666624,1403636929016666624,0.18429622086424102,0.17108052561804232,0.06565844211918836,-0.019634657052687743,0.008594394741744641,-0.0032744974118958936,-0.0012859606954158664,0.007841402474446812
MH_02_easy,275,1403636928266666624,1403636929266666624,0.19008218349571687,0.17834633919116483,0.06182146413826395,-0.022403712893418082,0.009436242814672511,-0.0009135799807458156,-0.008198091418794462,0.004582504464299808
MH_02_easy,276,1403636928516666624,1403636929516666624,0.18498420725107398,0.175851060908903,0.05397506557978282,-0.019551306994155415,0.01773913798632638,-0.0008842217937012897,-0.015675857284215056,0.0082560684785431
MH_02_easy,277,1403636928766666624,1403636929766666624,0.1792790646138056,0.17115484571967965,0.050722707607908646,-0.01655924902875594,0.02227758118953089,0.0012484159186874066,-0.017577054388654645,0.013630085853302054
MH_02_easy,278,1403636929016666624,1403636930016666624,0.17953740786697045,0.16903097965345992,0.05782674093582685,-0.01784031316214174,0.017817834070173007,0.003052052607019462,-0.01191467081932629,0.012891889120811517
MH_02_easy,279,1403636929266666624,1403636930266666624,0.1887400581670934,0.16551986055300283,0.08878384714188492,-0.018531427525118493,0.020485676800207686,-0.003672290057484151,0.01714615213892401,0.010591822625268144
MH_02_easy,280,1403636929516666624,1403636930516666624,0.18548510748138233,0.158728145680612,0.09377252933415825,-0.020416013529795718,0.02740905012993102,-0.015158314013630658,0.021629754882837915,0.0073236090145221144
MH_02_easy,281,1403636929766666624,1403636930766666624,0.18156604101642926,0.15813136189527377,0.08418208668322968,-0.02956477493881593,0.01914080101154839,-0.014600233902567261,0.012315353599296586,-0.0012391525645819579
MH_02_easy,282,1403636930016666624,1403636931016666624,0.18953674759923295,0.16920551070099732,0.07867856135277407,-0.033216830408209996,0.008520334418584996,0.0021073205478359114,0.007488372399359733,-0.003475568661629347
MH_02_easy,283,1403636930266666624,1403636931266666624,0.19306767586304366,0.17477786201970114,0.07287227739916169,-0.037649138072992194,0.01099237092113027,0.008913433367402579,0.0029536290994265357,-0.005714805264889211
MH_02_easy,284,1403636930516666624,1403636931516666624,0.19895970809846433,0.18752798388038472,0.057967650788054215,-0.03252648413982828,0.020061373490985968,0.016550399121674886,-0.011298802172781564,0.0009381176463771901
MH_02_easy,285,1403636930766666624,1403636931766666624,0.2081666577685554,0.19686461397803723,0.055527242637568364,-0.03865755417609684,0.026647780815496454,0.02264789373191567,-0.012381618193408883,-0.006623644224385994
MH_02_easy,286,1403636931016666624,1403636932016666624,0.20924851222787036,0.19900997834160195,0.04912348730064586,-0.042033931358791854,0.03265877929155156,0.025131050418902623,-0.013925900301735794,-0.01552724928771887
MH_02_easy,287,1403636931266666624,1403636932266666624,0.19984485653914055,0.19221376545559488,0.03900257842363608,-0.03834884523475701,0.031167869893481942,0.019211611105021786,-0.018752950564747906,-0.01583278110637998
MH_02_easy,288,1403636931516666624,1403636932516666624,0.18963306808254643,0.18122149012349298,0.0444932489789398,-0.03376126216714204,0.016276962552275984,0.005114399963928484,-0.010312168765159058,-0.011508327345711056
MH_02_easy,289,1403636931766666624,1403636932766666624,0.1964458067457312,0.18566430912667942,0.056716028875170466,-0.030050147638985614,0.007938539603533818,0.003967373047022216,0.0025959227226461934,-0.006367224462879073
MH_02_easy,290,1403636932016666624,1403636933016666624,0.19651324577034118,0.18504818695385228,0.062174194115552694,-0.02256089214477608,0.00957895076904235,0.0004756659117499673,0.009565862861766306,0.00015590858224046045
MH_02_easy,291,1403636932266666624,1403636933266666624,0.18627539412494576,0.17386653936950336,0.062293086329527014,-0.024259438155466717,0.016794058988881297,-0.0066865669259736915,0.015144385493552903,-0.0028245049281535595
MH_02_easy,292,1403636932516666624,1403636933516666624,0.18014796056696877,0.17052051411886548,0.04820608115636382,-0.03243787447756097,0.01586427192128996,-0.006955535737617868,0.010289269333656037,-0.009870490503254392
MH_02_easy,293,1403636932766666624,1403636933766666624,0.1806548708178672,0.17552954939350673,0.03187035586588216,-0.0284576888892053,0.008122052658267783,-0.004893098676545193,0.004576183941852108,-0.004591717026952047
MH_02_easy,294,1403636933016666624,1403636934016666624,0.18595317865166253,0.18232499171904593,0.018614751565367627,-0.03145906974890711,0.008307721671585925,-0.005026358560824562,-0.00029350539031547385,-0.006608162647545823
MH_02_easy,295,1403636933266666624,1403636934266666624,0.19062883625911964,0.1870885465635177,0.010964601639102511,-0.03488561980462013,0.008781314388229178,0.0015283914374040197,-0.003649416348206813,-0.007839468241942926
MH_02_easy,296,1403636933516666624,1403636934516666624,0.1896390337409135,0.18155691294373932,0.026826419657163925,-0.047753467820719764,0.023454150436261867,-0.0004141769750298785,0.01305182320857412,-0.019482698505399187
MH_02_easy,297,1403636933766666624,1403636934766666624,0.18957980607331149,0.18407136251883638,0.020073795486620583,-0.04068512143296177,0.016817068040348482,0.00046284827429809994,0.012762194162919016,-0.010941935345113563
MH_02_easy,298,1403636934016666624,1403636935016666624,0.1950808631989486,0.19320201259377168,-0.006661916983381033,-0.026175262716342074,0.0063539264969274456,0.0035364060274096776,0.0033206178017337606,0.004103621784773304
MH_02_easy,299,1403636934266666624,1403636935266666624,0.1937700615236433,0.18799554161888055,-0.04588581707827544,-0.009950118861567048,0.02288249179876562,-0.0035879766878412767,-0.011726764551351465,0.01931884694709418
MH_02_easy,300,1403636934516666624,1403636935516666624,0.1905192744606057,0.17774642575044663,-0.06818906843741068,-0.0073520758683987,0.027518154529281545,-0.005168667076169253,-0.017551004173787632,0.02055470656187608
MH_02_easy,301,1403636934766666624,1403636935766666624,0.1757440174934504,0.16445321556581183,-0.0557201094015678,-0.027136119528778146,0.00855377234030727,-0.008453281029276116,0.0012295158290029917,0.00044424308223911524
MH_02_easy,302,1403636935016666624,1403636936016666624,0.1768176005319918,0.16205376541624394,-0.059523731976758754,-0.038209505412488576,0.011853296145725657,-0.006255244356870859,-0.004364083747397274,-0.009073440394900545
MH_02_easy,303,1403636935266666624,1403636936266666624,0.19847875409366914,0.17834250188026202,-0.06965548634477248,-0.05230565047618785,0.02878847000873696,0.00742261223579721,-0.0162247176129533,-0.022592905333773783
MH_02_easy,304,1403636935516666624,1403636936516666624,0.2093939048146385,0.1870982484923277,-0.08235521968674941,-0.04536155393030883,0.034098049376225494,0.01110399387954808,-0.027757933771397347,-0.016397420648662675
MH_02_easy,305,1403636935766666624,1403636936766666624,0.20634314173909193,0.18267158957491902,-0.08622689304714104,-0.04211300773357585,0.03329830987191427,0.003993661976741669,-0.02993672781342127,-0.014022140784012982
MH_02_easy,306,1403636936016666624,1403636937016666624,0.20159388439026138,0.17541244665720424,-0.09425077813656024,-0.031422262839274406,0.038090317815154755,-0.0020739639291845746,-0.03786183478719529,-0.0036128176575999094
MH_02_easy,307,1403636936266666624,1403636937266666624,0.1937525998129222,0.16886133625336053,-0.09274465484247685,-0.020599709977223712,0.037396660339352385,-0.009371004703088603,-0.035707221084223306,0.00597401354484417
MH_02_easy,308,1403636936516666624,1403636937516666624,0.1903289751259699,0.17635252302699173,-0.07015130204731879,-0.014272393477699374,0.017117936466549244,-0.001339867019013008,-0.012405502970983306,0.011718873720673928
MH_02_easy,309,1403636936766666624,1403636937766666624,0.1879875701289098,0.17677831773964137,-0.0622202652828312,-0.014744201851856098,0.0118855433229645,0.001683885868772439,-0.004193549282172526,0.010992943776850894
MH_02_easy,310,1403636937016666624,1403636938016666624,0.18534521487963998,0.17544243425115352,-0.05717629898996801,-0.017426180781208833,0.008537383896825158,0.003902727573863618,-0.000455593738911908,0.007579450879254934
MH_02_easy,311,1403636937266666624,1403636938266666624,0.18892267354756298,0.17902161305621178,-0.056150008830705644,-0.022140802772770307,0.00787232371873662,0.007742404023520499,0.0008483435343640267,0.0011441039799159336
MH_02_easy,312,1403636937516666624,1403636938516666624,0.18727051288745522,0.17806021188735843,-0.05531911546514756,-0.017452833692934377,0.008566018415251335,0.004410432154603072,0.005101936178100175,0.005281572392257905
MH_02_easy,313,1403636937766666624,1403636938766666624,0.18997824143591743,0.17884244342943972,-0.056439111668557196,-0.03036016010062409,0.011027838417556559,0.0017798019110547014,0.010393267478559842,-0.003228856831798632
MH_02_easy,314,1403636938016666624,1403636939016666624,0.19519542750137783,0.18427874172910166,-0.054961270538072426,-0.03349416374572595,0.017689057968675623,0.0058932706242326716,0.016677414133539514,0.00018971290714986377
MH_02_easy,315,1403636938266666624,1403636939266666624,0.19502650924402962,0.18341337295131224,-0.050856096085328595,-0.04252683178293709,0.023031954094961872,0.009439441294740503,0.020314081093071756,-0.005357794958719797
MH_02_easy,316,1403636938516666624,1403636939516666624,0.18666011580616562,0.17551189490360872,-0.04860026106258797,-0.040933949293515126,0.022413764189479567,0.005988535369269576,0.020605278861100196,-0.006475859196191758
MH_02_easy,317,1403636938766666624,1403636939766666624,0.17695353462961225,0.16394458584444552,-0.057356244643401055,-0.033837662310108596,0.015490764405459774,-0.006329816317816116,0.013556705185994389,-0.004014094137934632
MH_02_easy,318,1403636939016666624,1403636940016666624,0.17184188134490477,0.15794078915280624,-0.058155933571436336,-0.03467314084965223,0.0196518153229246,-0.013092988410596614,0.013233433761039137,-0.006296326775073413
MH_02_easy,319,1403636939266666624,1403636940266666624,0.16746216699143204,0.15472163957086243,-0.056672826850868496,-0.02988280975246277,0.019283145253300934,-0.015227066273724096,0.01178492876766235,-0.0010447954329153575
MH_02_easy,320,1403636939516666624,1403636940516666624,0.16668908308812896,0.15593086234561043,-0.04704373263299555,-0.03546412002109567,0.023612875695051005,-0.012274901806199973,0.01921276346906975,-0.006145274942560175
MH_02_easy,321,1403636939766666624,1403636940766666624,0.17632634434438732,0.1610297474939711,-0.06260344204842383,-0.035230798679181274,0.013163086848214675,-0.009181257988790326,0.008085046685581077,-0.004858330701886238
MH_02_easy,322,1403636940016666624,1403636941016666624,0.18688944278363265,0.1697277716900164,-0.07101850772546836,-0.032810347477068236,0.008689065819264475,-0.0028848789509645645,0.007885606645928078,-0.0022348481101602258
MH_02_easy,323,1403636940266666624,1403636941266666624,0.19378795730609988,0.17033496868903397,-0.08942273146672175,-0.023309781972536192,0.008011339183399574,-0.0031593330156243216,-0.004444632607751409,0.005869021331531554
MH_02_easy,324,1403636940516666624,1403636941516666624,0.18954945037460608,0.1633123385153734,-0.09348535202269748,-0.022771982415847547,0.01145967062913143,-0.006494440675268498,-0.008306444436917637,0.004488794054085754
MH_02_easy,325,1403636940766666624,1403636941766666624,0.16789089169902197,0.15667921657478223,-0.05165343583010973,-0.03115922296768564,0.03184800900328053,-0.007793976421903714,0.03042947345604663,-0.005253261291388478
MH_02_easy,326,1403636941016666624,1403636942016666624,0.16881166897646407,0.1546064772415654,-0.06431714694614321,-0.021389749560965343,0.019354868614604497,-0.009728685495217437,0.016180740905154423,0.004259957908713474
MH_02_easy,327,1403636941266666624,1403636942266666624,0.1761680733779213,0.15722950045815864,-0.07851739523826051,-0.012210360697593736,0.017421053371812996,-0.010614523491713546,0.0022399525369038997,0.01363112630195451
MH_02_easy,328,1403636941516666624,1403636942516666624,0.1805599040238709,0.1624431319322528,-0.0772974737729557,-0.015466362774402054,0.01299534775302902,-0.005861175449207945,0.0018696252911576394,0.011446841784807815
MH_02_easy,329,1403636941766666624,1403636942766666624,0.1841071120943934,0.1673230065445308,-0.07228825525048688,-0.025939320682641043,0.005335843372469169,0.0021236627870273583,0.003681415539255717,0.0032262145759147653
MH_02_easy,330,1403636942016666624,1403636943016666624,0.19591574408553306,0.17167544919682132,-0.08696949281363509,-0.03669913137114794,0.013965948350080271,0.006466693982517091,-0.010901103605207574,-0.005864769598383002
MH_02_easy,331,1403636942266666624,1403636943266666624,0.20089929198402867,0.17485142358714634,-0.0947165785390851,-0.02857052570537788,0.01641039000031662,0.006209951043084416,-0.01503006778352134,0.002198742919884089
MH_02_easy,332,1403636942516666624,1403636943516666624,0.19984752027651567,0.17428662600190714,-0.09300055941067242,-0.030234075260303306,0.013815363912216983,0.0062469939005058706,-0.012272934424219173,-0.001102010822472188
MH_02_easy,333,1403636942766666624,1403636943766666624,0.18614060487659453,0.1611336805676935,-0.08902953008699566,-0.02753188230073883,0.010197716666737655,-0.0029465747531853825,-0.009747961228404378,-0.0005370049613127037
MH_02_easy,334,1403636943016666624,1403636944016666624,0.17958123893924371,0.15204717922487743,-0.09101807727967337,-0.029099592385859185,0.01632335926125491,-0.008912934620435076,-0.013197433986641194,-0.003583209482027838
MH_02_easy,335,1403636943266666624,1403636944266666624,0.18134260978836658,0.15394558967752126,-0.09229837345071878,-0.025824558119117935,0.01477243095364473,-0.009102651373035675,-0.011563961888455765,-0.0012811087789548758
MH_02_easy,336,1403636943516666624,1403636944516666624,0.18992904574999683,0.16561919476951625,-0.09002561895146455,-0.023210184743063522,0.005881732893158782,-0.002944035538030576,-0.005057892665973451,0.0005875017929938275
MH_02_easy,337,1403636943766666624,1403636944766666624,0.19639815584370185,0.17274747092110765,-0.09008957806544426,-0.02478739262524976,0.005224047713978126,-0.0005252330727518739,-0.005017080961238651,-0.0013578303891076948
MH_02_easy,338,1403636944016666624,1403636945016666624,0.19683145195393384,0.17576680608096673,-0.08369977654306071,-0.029034423793685094,0.008009368478854698,0.0016639638412279112,-0.004709336483047277,-0.00626125847211223
MH_02_easy,339,1403636944266666624,1403636945266666624,0.19629427682626344,0.1758564722737006,-0.0823386901294203,-0.028745162757692122,0.014380494192593626,0.0051301844937925445,-0.011523924283067366,-0.006904997422229775
MH_02_easy,340,1403636944516666624,1403636945516666624,0.19524193761764397,0.17542340609671303,-0.08159409414518093,-0.02623826592492423,0.01599337165891963,0.004118328327525678,-0.014598843430534636,-0.005069623190905703
MH_02_easy,341,1403636944766666624,1403636945766666624,0.19981258734333263,0.1894068758300964,-0.06199495445898284,-0.014378145594895586,0.019368039919433474,0.01733955450674296,0.0011038028507441844,0.008558179660134946
MH_02_easy,342,1403636945016666624,1403636946016666624,0.2002143344194957,0.19105584392291464,-0.058073503963044004,-0.01452282160597096,0.019637097747398063,0.01725621249607512,0.003981806678508448,0.008484335790511388
MH_02_easy,343,1403636945266666624,1403636946266666624,0.19298419268430622,0.1856550625591442,-0.04729165935755919,-0.02320765665426533,0.019405845652100438,0.013544372518713654,0.013868647058471684,-0.0008929990565529899
MH_02_easy,344,1403636945516666624,1403636946516666624,0.18223717351593474,0.17519115729253043,-0.04587311620647316,-0.020349521544453575,0.016977010190289746,0.005682874226541568,0.015839424285466475,0.0022442044985888088
MH_02_easy,345,1403636945766666624,1403636946766666624,0.17963472950622508,0.17217056766680594,-0.04906452656591842,-0.014785259785568008,0.017788225848711304,0.0035544153149560387,0.015082661047216561,0.008735012670187906
MH_02_easy,346,1403636946016666624,1403636947016666624,0.18750675664252126,0.17155066604172453,-0.07425943872090679,-0.0146522533452805,0.012591967234294708,5.016189346807032e-05,-0.0063767239478611515,0.010857831933989828
MH_02_easy,347,1403636946266666624,1403636947266666624,0.2000159630627994,0.17914897253876716,-0.08421549871405354,-0.02863181612448682,0.0141350929396138,0.006488133775771399,-0.012349542331564933,0.0022789858973017024
MH_02_easy,348,1403636946516666624,1403636947516666624,0.20366078864847895,0.18127166748629575,-0.08012916365473277,-0.04687874285485154,0.015084539707908042,0.0073134189601722355,-0.005667709405993815,-0.011913618736624776
MH_02_easy,349,1403636946766666624,1403636947766666624,0.21060984722494674,0.18998796957724062,-0.07730311637275777,-0.04780488848530841,0.0191070103998197,0.01420606929583812,-0.002616313979153073,-0.012506811853672056
MH_02_easy,350,1403636947016666624,1403636948016666624,0.20046167951705374,0.18124066604257338,-0.07427538530278133,-0.042659970292602434,0.014131957178576189,0.006278646290391432,-0.00029245945728506584,-0.012657222520091424
MH_02_easy,351,1403636947266666624,1403636948266666624,0.18495463471427087,0.16869677209738265,-0.06159101800087896,-0.044228525725243384,0.022779920916284228,-0.0005590948771390103,0.010734017220198844,-0.020084647972692854
MH_02_easy,352,1403636947516666624,1403636948516666624,0.19393568041889303,0.17663926444749567,-0.072255751811094,-0.03447788748169314,0.015990573899556243,0.009764884066300716,-0.002365873727642409,-0.012439780316136101
MH_02_easy,353,1403636947766666624,1403636948766666624,0.19733209541733665,0.18188931761243543,-0.07077367287451475,-0.02910874865277821,0.01686905718104275,0.012610804333810233,-0.00034510467812332024,-0.011198821678765153
MH_02_easy,354,1403636948016666624,1403636949016666624,0.19981932561612345,0.18443242644069935,-0.07682041108695659,-0.003326771304040965,0.017686081866646067,0.011547540943537271,-0.0056903618323831395,0.012127306880243216
MH_02_easy,355,1403636948266666624,1403636949266666624,0.1984458596353993,0.1867095181674654,-0.06685447067148242,-0.007127045905661544,0.016321435499874845,0.012993359143651073,0.0037152271483620325,0.009151992251785812
MH_02_easy,356,1403636948516666624,1403636949516666624,0.19755970054085387,0.18741919390661899,-0.058903535631658954,-0.02083877451470889,0.01818281569633056,0.015461855707663563,0.009560908523134515,-0.00036719604351148627
MH_02_easy,357,1403636948766666624,1403636949766666624,0.21271449249068902,0.2038215742984879,-0.04800174707130189,-0.03741728803855415,0.03766761537095844,0.03245712983038507,0.016747193878480893,-0.009214958931246742
MH_02_easy,358,1403636949016666624,1403636950016666624,0.21472075717561184,0.2063998756111105,-0.042544775065707086,-0.04115868103322268,0.03941988998589145,0.03138089917826825,0.021663978452651556,-0.009991943297787353
MH_02_easy,359,1403636949266666624,1403636950266666624,0.20516167616394537,0.19850832316974754,-0.035657182159040346,-0.03760750402794211,0.03647922026557164,0.020601799166367396,0.029473975896923577,-0.006130589459450386
MH_02_easy,360,1403636949516666624,1403636950516666624,0.19364832570005727,0.1850840838165495,-0.03342024528984666,-0.04611554151249253,0.03478078325200077,0.009093056124826804,0.02991470243432115,-0.01523580625367188
MH_02_easy,361,1403636949766666624,1403636950766666624,0.17706668233911105,0.16470293574769057,-0.04078036706829735,-0.050621286159546586,0.03175324321619743,-0.008076047126406749,0.021093890517207114,-0.022318012913499385
MH_02_easy,362,1403636950016666624,1403636951016666624,0.1720296608027954,0.16028559578014367,-0.05523885822913588,-0.029178768357671414,0.01574841069394292,-0.013362972216008684,0.007684028242163521,-0.003224767109871518
MH_02_easy,363,1403636950266666624,1403636951266666624,0.17415611092132968,0.15783414297512754,-0.07360815713853608,0.0007572880680880578,0.03262451019782523,-0.01882020357371017,-0.008095715423052319,0.025389328366088426
MH_02_easy,364,1403636950516666624,1403636951516666624,0.175442555861244,0.1569159987422617,-0.07750571673577333,0.01226065329084508,0.044087869245000105,-0.01884938027875238,-0.012455623246565573,0.037858929292979515
MH_02_easy,365,1403636950766666624,1403636951766666624,0.1808243502180612,0.16402475243382098,-0.07602980684924088,0.0035769667701711083,0.0355850201349463,-0.009046417754782654,-0.013971327853202986,0.0314524717920357
MH_02_easy,366,1403636951016666624,1403636952016666624,0.18227372813485204,0.1690414618813112,-0.06728427632014178,-0.011023715039948145,0.018185432253727984,-0.004956384149663373,-0.00524206098594604,0.01669326208491073
MH_02_easy,367,1403636951266666624,1403636952266666624,0.18644498620676633,0.1756986110758585,-0.05656300319232699,-0.026312689287115887,0.006613763672214557,0.001276568623214125,0.00643917514611303,-0.0008057703766026769
MH_02_easy,368,1403636951516666624,1403636952516666624,0.18432117587368219,0.17418440579326555,-0.05571108402809877,-0.02302962809769188,0.006814357756368405,0.0022350260951182754,0.006289571887475809,0.0013716469874543447
MH_02_easy,369,1403636951766666624,1403636952766666624,0.18437670745572438,0.1708431648118729,-0.06559336216362688,-0.022469849339688097,0.0054668278303095915,0.0008576308395651377,-0.004675068904234969,0.0027008159155946787
MH_02_easy,370,1403636952016666624,1403636953016666624,0.1880529456198611,0.17074375660068686,-0.0747554012796039,-0.024942131378798305,0.012839885748479968,-0.0012881924730463457,-0.01266677901656621,0.0016601010607441014
MH_02_easy,371,1403636952266666624,1403636953266666624,0.1955780239787934,0.17628948489204088,-0.08036135470056305,-0.02673637317660471,0.018805113467958382,0.0027836301192476487,-0.018557037525521736,0.001232904772634602
MH_02_easy,372,1403636952516666624,1403636953516666624,0.19548413970275186,0.17357359945093842,-0.08195636073694157,-0.037005531798995794,0.02083756841596159,-0.0007989003292945274,-0.019100747721035205,-0.00829020218397003
MH_02_easy,373,1403636952766666624,1403636953766666624,0.20327135204644556,0.17841909044528226,-0.09034291238274417,-0.03638720804997275,0.026758933542089365,0.0028552212363264218,-0.02584794921687994,-0.006306485335207057
MH_02_easy,374,1403636953016666624,1403636954016666624,0.20729409679422628,0.18074658499099083,-0.09878265734016889,-0.02331311194678587,0.03344724862119375,0.00173124996353069,-0.03291653690078711,0.005676514102056163
MH_02_easy,375,1403636953266666624,1403636954266666624,0.19993845068224972,0.17307914098135857,-0.0999444309260289,-0.00548687025959671,0.04095137334547137,-0.005761229324924733,-0.0356433995619847,0.019322817683001592
MH_02_easy,376,1403636953516666624,1403636954516666624,0.18705510019199575,0.16939590995897424,-0.0793387431846222,5.185867832269153e-06,0.02862349981229597,-0.008196174758312802,-0.016386115889210018,0.021991422575656228
MH_02_easy,377,1403636953766666624,1403636954766666624,0.17230713148783944,0.16636210759371217,-0.043927632145267737,-0.009152040901119651,0.02313210898437591,-0.00858997091239444,0.017259655197713997,0.012783237784117385
MH_02_easy,378,1403636954016666624,1403636955016666624,0.17360785170855753,0.17058483018367776,-0.026055970556039476,-0.019015474867831283,0.03335513618491535,-0.0012306990559637354,0.03306711639311555,0.004197178003378932
MH_02_easy,379,1403636954266666624,1403636955266666624,0.17219296097967074,0.16838731183382427,-0.02738682830084116,-0.023368582754311085,0.0322476161127178,-0.0011517037670178976,0.03221579800328822,0.0008512827953058855
MH_02_easy,380,1403636954516666624,1403636955516666624,0.18078576985952233,0.1724404976408468,-0.05030731662128485,-0.020419188314991232,0.014271643734722748,0.000955124651500161,0.013645891853036218,0.004069052386758809
MH_02_easy,381,1403636954766666624,1403636955766666624,0.1861365661308698,0.171950185318624,-0.0656736735009611,-0.02769338601131488,0.005012596575325107,-0.001662168254597196,0.0031509774992937167,-0.0035262815995485974
MH_02_easy,382,1403636955016666624,1403636956016666624,0.18720333961322055,0.1702597362507775,-0.06957329549419988,-0.03487505022555826,0.012138838006067456,-0.0028632238388020537,0.003115203058523086,-0.01137755893373582
MH_02_easy,383,1403636955266666624,1403636956266666624,0.1840338226916326,0.16614542654326966,-0.06265355761924063,-0.048359868185332555,0.027678827282706167,-0.005703638007698436,0.014145509782180099,-0.0230974142757423
MH_02_easy,384,1403636955516666624,1403636956516666624,0.17682879472042703,0.1585814417159298,-0.05999571757996236,-0.05020819512431696,0.03061503233446586,-0.011118367152522471,0.01878269875110128,-0.021467937589053077
MH_02_easy,385,1403636955766666624,1403636956766666624,0.1661141953447203,0.14857656200829822,-0.06448863159586082,-0.036880177761387634,0.021215336534004006,-0.016565514605885942,0.011765382055379803,-0.006103279051802524
MH_02_easy,386,1403636956016666624,1403636957016666624,0.1877565364867382,0.15231759566171393,-0.10546126541979994,-0.030492434166281113,0.03335443702246579,-0.012085147483392386,-0.031035109116722026,0.001813747916180275
MH_02_easy,387,1403636956266666624,1403636957266666624,0.19363884616463947,0.15644821537153838,-0.11106397722038963,-0.02616775907529012,0.039945048991506825,-0.013431404415537779,-0.03718410992232002,0.005704935025482305
MH_02_easy,388,1403636956516666624,1403636957516666624,0.1889166020673331,0.16499497959529008,-0.08746527273539506,-0.028565106517215222,0.027184396399702458,-0.010203128057780758,-0.024973255945500483,0.0033502347579248415
MH_02_easy,389,1403636956766666624,1403636957766666624,0.18484428653185073,0.1746072175528543,-0.048998947633057455,-0.035760774219415814,0.013408142004724405,-0.002781021710687448,-0.01196623683330067,-0.0053715329574431925
MH_02_easy,390,1403636957016666624,1403636958016666624,0.16438584700714787,0.16102622610519277,-0.014274842018227929,-0.029824320410218874,0.01704658075964995,-0.01685616740288054,-0.0006533003388540237,-0.0024553481929430188
MH_02_easy,391,1403636957266666624,1403636958266666624,0.1682054974324816,0.1656191777094812,0.013741978778401887,-0.02597181858472386,0.019930569751777635,-0.016518978492681302,0.01093462488547381,0.002187450297214344
MH_02_easy,392,1403636957516666624,1403636958516666624,0.1861332944038374,0.18341809222220806,0.02372811188417323,-0.02098531480829735,0.012059997571150905,-0.0031418563887659623,0.0066437777700443235,0.009562034134576236
MH_02_easy,393,1403636957766666624,1403636958766666624,0.19507446238397572,0.19127760935987476,0.034059452612833496,-0.01751786858274884,0.01729710707736196,0.008175773773865191,-0.006003433413871662,0.014010903742782355
MH_02_easy,394,1403636958016666624,1403636959016666624,0.1871017239328305,0.18335974823388596,0.03529789701893726,-0.01184551781407528,0.0352422094769265,0.010923126631085744,-0.028078974395020495,0.01828304762178934
MH_02_easy,395,1403636958266666624,1403636959266666624,0.1826214851436671,0.1722882704817048,0.054478686033684554,-0.026446766504523267,0.024803346632825705,0.009670378654551448,-0.02280448587349504,0.0012826554140793478
MH_02_easy,396,1403636958516666624,1403636959516666624,0.18084415780315885,0.15751449186505717,0.08066700669093407,-0.037237458231617504,0.0117757742987948,-0.0023870276630785225,-0.0010019514590950962,-0.011487691349678197
MH_02_easy,397,1403636958766666624,1403636959766666624,0.18297161838236006,0.15336725333398615,0.09307084558927059,-0.03598494740231073,0.01871069190407579,-0.00910773218442007,0.011378075758992523,-0.011733652372929448
MH_02_easy,398,1403636959016666624,1403636960016666624,0.18292592578196262,0.15258209380802157,0.09770055461247473,-0.025203186321635096,0.02351714902916337,-0.016076161967367497,0.017121434712835892,-0.0012123482308910027
MH_02_easy,399,1403636959266666624,1403636960266666624,0.18819973035157703,0.158320946309207,0.09716742340289386,-0.03020113066436836,0.024213429324030394,-0.015208857068015669,0.01791533548157176,-0.005832802147957783
MH_02_easy,400,1403636959516666624,1403636960516666624,0.19533636002338617,0.16644759582407742,0.09065897603979955,-0.04724871908301387,0.026430088681238157,-0.005547458488804113,0.012342918695857463,-0.022703031737645984
MH_02_easy,401,1403636959766666624,1403636960766666624,0.18778903344097095,0.152951147152935,0.09226977345215559,-0.0579392489801448,0.04095596362335967,-0.013720348181454067,0.015051440010902084,-0.03553304315275918
MH_02_easy,402,1403636960016666624,1403636961016666624,0.18313043059000306,0.14117371779355126,0.10303132338490428,-0.05469261754553312,0.04857602617982254,-0.023070693360416783,0.02571334513064194,-0.03414963117641123
MH_02_easy,403,1403636960266666624,1403636961266666624,0.1770742739442743,0.1481382391943593,0.09410549180086569,-0.023548184520338133,0.02339870102347575,-0.018492642525390846,0.014093737482358648,-0.0026244896251405025
MH_02_easy,404,1403636960516666624,1403636961516666624,0.19225952605936458,0.16473597906050563,0.09818682683958713,-0.013606233818403424,0.014640731538350469,-0.0025933674435978382,0.0099712327599768,0.010401922059259161
MH_02_easy,405,1403636960766666624,1403636961766666624,0.20669163852624692,0.17384624196221377,0.10964858082535223,-0.021819860569360694,0.015138987620094392,0.012268399501060845,0.0070789823880677005,0.005344467063531089
MH_02_easy,406,1403636961016666624,1403636962016666624,0.1930366128127524,0.1523353372103764,0.11718493596029234,-0.018021368072473898,0.011322639839499594,0.005879753894444395,-0.002490448788497801,0.0093503118615188
MH_02_easy,407,1403636961266666624,1403636962266666624,0.18650478656466363,0.12782229066468864,0.1339449429511319,-0.022455504416080463,0.004128821422472714,-6.581648704684362e-05,0.0002746109007336628,0.004119153236030515
MH_02_easy,408,1403636961516666624,1403636962516666624,0.1859359342046703,0.10834379686597884,0.1475127065546129,-0.032768807029851854,0.009103370952641666,-0.0054244892619845775,0.0028843273422598514,-0.006717658426171003
MH_02_easy,409,1403636961766666624,1403636962766666624,0.19013111791067638,0.09291023603075632,0.16093574094763774,-0.04021464067112268,0.016461855995669343,-0.005397509852319349,0.0038605033857432858,-0.01506506235715388
MH_02_easy,410,1403636962016666624,1403636963016666624,0.19002369701735808,0.07467212672581058,0.17007955041397516,-0.04007524734008844,0.017637697149939638,-0.0036580752462396227,0.00414452061565207,-0.016749023706242483
MH_02_easy,411,1403636962266666624,1403636963266666624,0.18070804497016046,0.05065317283519466,0.16915750268715968,-0.038410843303799014,0.017749706171179352,-0.004699829535507405,-0.0016222222175112933,-0.017039133386923977
MH_02_easy,412,1403636962516666624,1403636963516666624,0.17445313583159353,0.038531331415266434,0.1666400599995317,-0.034355836537563744,0.015581835413017608,-0.000567108687056006,-0.007998450483539088,-0.01336026842686211
MH_02_easy,413,1403636962766666624,1403636963766666624,0.17955737947531214,0.03518523071148971,0.17367669400971586,-0.02896995032229105,0.009142328004266908,0.002167588432402834,-0.006758815102763549,-0.0057621298260254195
MH_02_easy,414,1403636963016666624,1403636964016666624,0.1929180291224232,0.03945969495173873,0.18764059979694814,-0.021243910719012937,0.0071180704493434555,0.005369485294229426,0.0017905893288041597,0.004316172430805232
MH_02_easy,415,1403636963266666624,1403636964266666624,0.2056138192391905,0.04992661309722313,0.19828994009742473,-0.021574884076777934,0.016812207147362198,0.012160707800501935,0.010678168362368012,0.004554581800950641
MH_02_easy,416,1403636963516666624,1403636964516666624,0.20583617882286762,0.05761224016859967,0.19541293955491668,-0.02937933541899157,0.02232374633936857,0.018514885206215137,0.011655629036402715,-0.004437903580623792
MH_02_easy,417,1403636963766666624,1403636964766666624,0.19226567506118297,0.05776528200035047,0.18045708283495188,-0.032626726112984394,0.021640374868118744,0.019470280619529934,0.001781512091201698,-0.009275786311594536
MH_02_easy,418,1403636964016666624,1403636965016666624,0.17736568214934953,0.05358486291106446,0.16708311745596394,-0.02589361952881586,0.020740753371756217,0.017043607511836978,-0.010756231419676965,-0.004898752806258455
MH_02_easy,419,1403636964266666624,1403636965266666624,0.18036427701507515,0.048340387877898516,0.17303692817907024,-0.015896565960495185,0.017503943107264008,0.01417905037801348,-0.009734740811707887,0.003252287811519733
MH_02_easy,420,1403636964516666624,1403636965516666624,0.19325154565373795,0.030603227533624988,0.19007039225914824,-0.016818095865390598,0.00465481703748495,0.00402135403026227,0.001450197133884501,0.001841999372591302
MH_02_easy,421,1403636964766666624,1403636965766666624,0.20777150165931726,3.777353237133241e-05,0.20640270927313686,-0.023810020571954055,0.016593658839940014,-0.011451273298812126,0.011300441821673779,-0.0040642180265332666
MH_02_easy,422,1403636965016666624,1403636966016666624,0.2093712561582288,-0.023406540745640525,0.2070539001782974,-0.02042398532493081,0.024673158800050297,-0.01916539468666567,0.015151225132101764,0.003448592274130788
MH_02_easy,423,1403636965266666624,1403636966266666624,0.20750970407742478,-0.04272402427071431,0.20136430706676123,-0.0262173773657646,0.0361286172193222,-0.031008689975034587,0.018505445754070315,0.0011342864081240744
MH_02_easy,424,1403636965516666624,1403636966516666624,0.20031843401855062,-0.04092461398431202,0.19485815187081457,-0.021976160432842562,0.03289108150922553,-0.026166784422926526,0.018831832303079388,0.006518030984837608
MH_02_easy,425,1403636965766666624,1403636966766666624,0.16338386375071984,-0.007520240904689057,0.16274668060885933,-0.01229840890713746,0.022865266826731456,0.00661307246515852,-0.015000973408308305,0.01593921254113312
MH_02_easy,426,1403636966016666624,1403636967016666624,0.15389803042368783,-0.0007803734138229768,0.1538782208477052,-0.0023426340666465595,0.040627726064562414,0.010146422876133654,-0.028414625806050253,0.027207926571092084
MH_02_easy,427,1403636966266666624,1403636967266666624,0.1500345431627348,-0.00855928592088051,0.14971123237434547,0.0048630923834412365,0.0508891605398553,0.0007741229576960773,-0.035243156150882804,0.03670187105069747
MH_02_easy,428,1403636966516666624,1403636967516666624,0.20600131744480402,-0.022850450419163337,0.2042916437513176,-0.013391191060582286,0.029373474823485426,-0.014119045752243098,0.018650736709509452,0.01776523544579567
MH_02_easy,429,1403636966766666624,1403636967766666624,0.21527849034668436,-0.022476861847720464,0.21196327178723973,-0.030185932165078255,0.030381009763061035,-0.015482078186602077,0.02607167033599289,-0.0018918285171913296
MH_02_easy,430,1403636967016666624,1403636968016666624,0.19162812439060012,-0.0063962089908901065,0.18970359305056306,-0.026324387014905734,0.0068955860211940105,0.0006000548088512803,0.006866863821180402,-0.00018767542040551422
MH_02_easy,431,1403636967266666624,1403636968266666624,0.175856468259913,0.008144904946673748,0.17520793129342405,-0.012701919702873153,0.019906668413606544,0.014667802631420646,-0.0054740702193116775,0.012294940769642408
MH_02_easy,432,1403636967516666624,1403636968516666624,0.18198640337256936,0.01747274815751121,0.18114531396060674,0.0003596031436538735,0.03437083741480375,0.022612977210038354,-0.002013124476331285,0.025806105016758247
MH_02_easy,433,1403636967766666624,1403636968766666624,0.1997000138759921,0.023766688575338965,0.1982644776694631,-0.0025371146385718413,0.036485786468933044,0.026767074165441065,0.007188948215905988,0.02372878796793838
MH_02_easy,434,1403636968016666624,1403636969016666624,0.19987963795524785,0.022448551540533795,0.1985413539457932,-0.005409526432528185,0.03307167715094872,0.025564946555645507,0.005643116682635174,0.020207042616121176
MH_02_easy,435,1403636968266666624,1403636969266666624,0.19852749020774924,0.013745170080815605,0.19702749952431375,-0.02010967674613317,0.018480647173885808,0.01723839198294491,0.005033056599327956,0.00436354249159503
MH_02_easy,436,1403636968516666624,1403636969516666624,0.19872112508397868,-0.002882692270873788,0.19506646543856743,-0.03782657400846555,0.013901510118430193,-2.5461811341109808e-05,0.002845796695297942,-0.013607085523285711
MH_02_easy,437,1403636968766666624,1403636969766666624,0.19320723316402602,-0.002182464982462884,0.18940106218590813,-0.03809868024418178,0.013464517509328632,0.0002616185179847852,-0.001283459630933681,-0.013400653673826077
MH_02_easy,438,1403636969016666624,1403636970016666624,0.18327865130690582,0.0005964468521517663,0.18039041567714031,-0.03240379928124876,0.009502689871847016,0.0037575218716333625,-0.005393583100909094,-0.00686231779490637
MH_02_easy,439,1403636969266666624,1403636970266666624,0.17949137995236786,-0.005949044739063769,0.1778147713104028,-0.02374176589319031,0.005486524776036274,-0.0031696919272332646,-0.004002325978528898,0.002009077889501762
MH_02_easy,440,1403636969516666624,1403636970516666624,0.18411119590260525,-0.0061073612379085596,0.18281622034904688,-0.020925156455470696,0.006798515674509658,-0.00437553447385941,0.0006282044719303492,0.0051652562943253905
MH_02_easy,441,1403636969766666624,1403636970766666624,0.19367610929599913,-0.006861384621511757,0.19288356533507134,-0.016102389162566802,0.01360676082379767,-0.005903975610593637,0.007024863415756588,0.010046805765790201
MH_02_easy,442,1403636970016666624,1403636971016666624,0.2006321968216977,0.003564945879227732,0.19882932778152718,-0.02659827017542009,0.010407946980612096,0.004720715577879453,0.009206084778575985,-0.0011349924377150183
MH_02_easy,443,1403636970266666624,1403636971266666624,0.19444596197193675,0.0021473560905060918,0.1915231267234554,-0.03351884423848296,0.009287232560982602,0.003660065719729433,0.002990712891357994,-0.007994513366709824
MH_02_easy,444,1403636970516666624,1403636971516666624,0.18075630599956935,-0.002063163784840727,0.1760728211141469,-0.04082826445873619,0.01351250195654086,-0.0006684871138997739,-0.00691007086214146,-0.011592745782783909
MH_02_easy,445,1403636970766666624,1403636971766666624,0.17350076903943581,0.0021511662869295733,0.16820376660353764,-0.04248978984725929,0.013174678127620701,0.0036860640048255178,-0.010052628897043281,-0.007676570078952406
MH_02_easy,446,1403636971016666624,1403636972016666624,0.18146438227110206,0.008538319607417355,0.1742799574725704,-0.04982886266686515,0.017256894768664377,0.011818434914755871,-0.004116899719721179,-0.011881757021593858
MH_02_easy,447,1403636971266666624,1403636972266666624,0.19277444447617345,0.008902542522031931,0.1864101648447205,-0.04831129911630225,0.0188121540218472,0.01438921673817184,0.0035940953990913904,-0.011572815511613724
MH_02_easy,448,1403636971516666624,1403636972516666624,0.19710575184886783,0.003027395075263506,0.18965821526516802,-0.05358426703237551,0.02203410753954524,0.008197223866156067,0.0009257284138870503,-0.020431604020636457
MH_02_easy,449,1403636971766666624,1403636972766666624,0.198518747063902,-0.00585994939872303,0.18808524800360615,-0.06323996689031282,0.032291355865753095,-0.0009554809279670451,-0.004336986265657483,-0.03198451609726957
MH_02_easy,450,1403636972016666624,1403636973016666624,0.1920558871295533,-0.02095596002283573,0.18017525842335136,-0.06311250092271406,0.037161029398474425,-0.015118310632188159,-0.008144342742151256,-0.032955249519330224
MH_02_easy,451,1403636972266666624,1403636973266666624,0.18892679968056564,-0.02507799785110154,0.17878287522752068,-0.05568763944271204,0.03262935942479554,-0.018763127039776784,-0.0033425969024483138,-0.02648484861405543
MH_02_easy,452,1403636972516666624,1403636973516666624,0.17760947615302697,-0.00257877853308619,0.17373485748339057,-0.036805912783898165,0.01108163860054806,0.002426511456893321,-0.005704271785011983,-0.009185643125303664
MH_02_easy,453,1403636972766666624,1403636973766666624,0.17278196662169784,0.014219865644797158,0.1712685799813154,-0.017845921715876567,0.019785346124752877,0.014660638505930468,-0.009976326851225625,0.0087748790551333
MH_02_easy,454,1403636973016666624,1403636974016666624,0.17414993324419853,0.023035988207037894,0.17225149077387103,-0.011267937808802392,0.024790369821557377,0.01542577793830957,-0.012626717873824855,0.014736818063014023
MH_02_easy,455,1403636973266666624,1403636974266666624,0.17478449442474348,0.01280550712873052,0.1724897279596771,-0.025158144345038685,0.01515919658602639,-0.0012409941263888946,-0.015059362239069785,0.0012152298813564166
MH_02_easy,456,1403636973516666624,1403636974516666624,0.1809934970138853,0.007181592240960599,0.17665246060717177,-0.03874246837298209,0.018183823800442776,-0.009929410705676434,-0.00972478242328334,-0.011725479003577927
MH_02_easy,457,1403636973766666624,1403636974766666624,0.18594271367098528,0.0036697067464228628,0.18006118808618687,-0.04625142770462454,0.026325393987115295,-0.01786944629964271,-0.0025851572358623898,-0.01915792837409358
MH_02_easy,458,1403636974016666624,1403636975016666624,0.18121128688359106,0.021941429107551036,0.17506011286015877,-0.041352884640783294,0.020708977574615026,-0.013669299459546425,-0.006078366518471157,-0.014320107015601546
MH_02_easy,459,1403636974266666624,1403636975266666624,0.1802349216536061,0.06974115813820281,0.1634398222519855,-0.030136727547348363,0.016706112330481856,0.007539049455332458,-0.014676979537379786,-0.002615949955191099
MH_02_easy,460,1403636974516666624,1403636975516666624,0.1908637281946357,0.11215959381981144,0.1531402206934871,-0.019931408893521907,0.03139448876292086,0.026674364042799992,-0.014311062015867293,0.008323805113969407
MH_02_easy,461,1403636974766666624,1403636975766666624,0.19465750426993617,0.12626893953005003,0.14387374049258694,-0.03532768992205043,0.026898303378297257,0.02401789296804968,-0.009990916170751873,-0.0068440584506004876
MH_02_easy,462,1403636975016666624,1403636976016666624,0.19821273192071762,0.13364828304645138,0.14294904965407618,-0.03149591619887171,0.02055559318037203,0.019745692533045034,-0.0036982581432600803,-0.004354643968594585
MH_02_easy,463,1403636975266666624,1403636976266666624,0.19149725236088178,0.12689822639361825,0.1407196549587657,-0.027677003237474462,0.007578232238739599,0.0067253506612774405,-0.003181655627457758,-0.0014409475408194705
MH_02_easy,464,1403636975516666624,1403636976516666624,0.18601256622387347,0.11664655693359105,0.14061243711324334,-0.034962809924312443,0.007131990770997761,-0.0037086467164835213,0.0020263124051629333,-0.00574502305709873
MH_02_easy,465,1403636975766666624,1403636976766666624,0.18367366789661282,0.11998374428903036,0.13438542455508395,-0.03578372607945729,0.006263045932238912,-0.0029613874436231757,0.004711432105148017,-0.0028737321163716523
MH_02_easy,466,1403636976016666624,1403636977016666624,0.1871892008916259,0.13506249437936457,0.12599063515001152,-0.030401963702469614,0.00806631942603717,0.0006684102920622159,0.0072577742572663695,0.0034559296281740925
MH_02_easy,467,1403636976266666624,1403636977266666624,0.19431082900545515,0.15081502793264834,0.12066187800654626,-0.0212658603022563,0.018332754310194082,-0.0011304348554652677,0.014695976456587267,0.010901388609847906
MH_02_easy,468,1403636976516666624,1403636977516666624,0.19141707986576226,0.15890304854326764,0.10531112699000333,-0.017317221488648893,0.01753860928453527,-0.00523503415107518,0.010970311720006176,0.012643159962547279
MH_02_easy,469,1403636976766666624,1403636977766666624,0.1911147527649952,0.16435935160770887,0.0938781969789586,-0.026414700367383026,0.006906442127363222,-9.60915361782888e-05,0.005636596348448819,0.003989798350787388
MH_02_easy,470,1403636977016666624,1403636978016666624,0.18961791277831527,0.16345272799607136,0.09111856123451822,-0.030587029205178418,0.006115338057878582,0.004513238021205179,0.004081017142428589,0.0006110165376568277
MH_02_easy,471,1403636977266666624,1403636978266666624,0.18708580177157286,0.16249268704982756,0.08882395989832803,-0.026599399012370073,0.005163591939121789,0.0018141408157452688,-0.0007469382277345282,0.004776364527374288
MH_02_easy,472,1403636977516666624,1403636978516666624,0.17862959588875413,0.16022542217443725,0.07896098212356595,-0.0012287874042545832,0.03267425683240088,-0.006029771950786245,-0.012976380852395941,0.029374520417272842
MH_02_easy,473,1403636977766666624,1403636978766666624,0.1798541855969161,0.16219589329656436,0.07688720415796269,0.011330406490113853,0.0429409831833869,-0.005307556704105654,-0.013561991520431693,0.04039591891006267
MH_02_easy,474,1403636978016666624,1403636979016666624,0.18038775170793497,0.16307347548670315,0.07708300480806196,-0.002234486225404897,0.02619944037792253,-0.0017315160870365887,-0.01048131510569128,0.02394899918184179
MH_02_easy,475,1403636978266666624,1403636979266666624,0.18223947009642988,0.16485953566914713,0.07654359410471923,-0.013177107478986372,0.014786004655588606,0.004241945880853137,-0.007897757264916816,0.011758284696479104
MH_02_easy,476,1403636978516666624,1403636979516666624,0.19011049420731668,0.1675471258837815,0.08582322435485157,-0.026539306267709284,0.0077043120952791835,0.006959590074721245,0.0028858640521587375,-0.0016100681742599043
MH_02_easy,477,1403636978766666624,1403636979766666624,0.19073391180916824,0.170064225888658,0.07868713470933564,-0.035579755734883034,0.012973788668291715,0.0050020787970130876,-0.005229854405930823,-0.01076786993842016
MH_02_easy,478,1403636979016666624,1403636980016666624,0.19659867111746124,0.1795821892257683,0.06014886577876233,-0.05275783111122434,0.039761072810258924,0.009632330883660778,-0.02569864281897427,-0.028770486093098402
MH_02_easy,479,1403636979266666624,1403636980266666624,0.19530551093863238,0.17709434871227359,0.04989039937150519,-0.06551932774172531,0.05482650673111111,0.010032971292322834,-0.03433792473987296,-0.041547469862108555
MH_02_easy,480,1403636979516666624,1403636980516666624,0.19101938891405643,0.17478507034185897,0.05879354387607716,-0.0498187246442815,0.03663577093472627,0.013037594349059933,-0.0228691758375259,-0.025479435670426764
MH_02_easy,481,1403636979766666624,1403636980766666624,0.1870789568683753,0.17276035813229274,0.06717597912137752,-0.02529392397485286,0.017531715377211873,0.012030089548892287,-0.012752916870133468,3.3178557307556034e-05
MH_02_easy,482,1403636980016666624,1403636981016666624,0.19004869948047562,0.16911364794397854,0.08444898837939085,-0.019683765264748798,0.008533533619906386,0.0030462163302262812,0.004153163836772222,0.006803895373715174
MH_02_easy,483,1403636980266666624,1403636981266666624,0.19320478145959785,0.15871846161115255,0.10904708929697282,-0.015661093145054927,0.031209060929577224,-0.009769380090343116,0.02750038960888368,0.011058628672492521
MH_02_easy,484,1403636980516666624,1403636981516666624,0.19924286408649453,0.1419797984211575,0.13510489604274856,-0.035862554216827935,0.05899570782972743,-0.024527253587221853,0.05294832732197019,-0.008682281244245638
MH_02_easy,485,1403636980766666624,1403636981766666624,0.19070923716489613,0.13843759782480847,0.12536917952856275,-0.038569592593754254,0.05215721966917677,-0.02606959824178312,0.04397098681478617,-0.010358761010115014
MH_02_easy,486,1403636981016666624,1403636982016666624,0.18519151586309426,0.14819313758248565,0.10420180275145263,-0.03842753992225545,0.031414149278826756,-0.020008245229653054,0.022166114278130422,-0.009756140402399915
MH_02_easy,487,1403636981266666624,1403636982266666624,0.19592612426045927,0.1681028772883113,0.09723475688984884,-0.025959022856954173,0.015217772566550443,-0.002543116943934498,0.014973683008424388,0.0009497237808706593
MH_02_easy,488,1403636981516666624,1403636982516666624,0.18935609464097322,0.16469516807270757,0.09081616792850866,-0.02199217665363573,0.013574665644162555,-0.005923382647916364,0.012043257893941117,0.0020359333626608356
MH_02_easy,489,1403636981766666624,1403636982766666624,0.18948986996859782,0.1652995902605201,0.08782388895350834,-0.02948594257442194,0.01435862657457974,-0.004678926383059778,0.013176627136792796,-0.0032640928767531108
MH_02_easy,490,1403636982016666624,1403636983016666624,0.19120476247103763,0.16592881463240117,0.08906839386728738,-0.03307129994714342,0.01672623027186312,-0.0028510161814845336,0.016178709491576626,-0.0031444943993386154
MH_02_easy,491,1403636982266666624,1403636983266666624,0.1949318705133535,0.16172482497833185,0.09606752412959807,-0.05113263082584196,0.029803416894863353,-0.003673624967818645,0.021802925948056995,-0.019984507957625297
MH_02_easy,492,1403636982516666624,1403636983516666624,0.18910115513253867,0.15488361873890377,0.08851881895900604,-0.06272742788370222,0.036188007036086614,-0.007108205619071772,0.012270244447213585,-0.03329393889774046
MH_02_easy,493,1403636982766666624,1403636983766666624,0.18731099837057374,0.15888303230541612,0.08192215576648731,-0.05594955362278209,0.02944364032734499,-0.005298656750946318,0.00436850297203506,-0.02863159747804911
MH_02_easy,494,1403636983016666624,1403636984016666624,0.18175194025952482,0.16801124706784965,0.06151589803141633,-0.031965339607084475,0.018889520086487088,-0.002410581921204691,-0.017519248333448978,-0.006639201889527491
MH_02_easy,495,1403636983266666624,1403636984266666624,0.18766928967984076,0.17462267859185876,0.06216071194896777,-0.0293722368970738,0.01770905393973385,0.000903934007844831,-0.016739872545929124,-0.005707027413278554
MH_02_easy,496,1403636983516666624,1403636984516666624,0.1914199133373774,0.17664785367055374,0.06508110370714615,-0.03466365468232391,0.017569183943684338,0.0069672152419713584,-0.011311108838218509,-0.011497519431122205
MH_02_easy,497,1403636983766666624,1403636984766666624,0.18417132204915077,0.1705762627265789,0.05816322432193033,-0.037945405466827675,0.021733450742705922,0.004906412321083853,-0.01535235871230256,-0.014579954776676396
MH_02_easy,498,1403636984016666624,1403636985016666624,0.18323008605206187,0.17665949907523282,0.03523200997397069,-0.033517029915072105,0.03944365954499415,0.009398857809613262,-0.03713651004725094,-0.009399115473623598
MH_02_easy,499,1403636984266666624,1403636985266666624,0.1940212907579423,0.1843966838754664,0.03136034588693093,-0.05156212707948871,0.050653891744668264,0.014283397180016491,-0.040808054793957105,-0.026391361802905577
MH_02_easy,500,1403636984516666624,1403636985516666624,0.20323725313987476,0.19167429812899403,0.029779535303935845,-0.06065907827918826,0.05966736193396307,0.023536108294811953,-0.04220488349403162,-0.03499990708200018
MH_02_easy,501,1403636984766666624,1403636985766666624,0.20190448132940356,0.1935128208171535,0.031731687103585315,-0.048076062586737134,0.05379583044525882,0.025402255338899005,-0.04147993321272381,-0.022981121331657972
MH_02_easy,502,1403636985016666624,1403636986016666624,0.19000444760161464,0.1808382966545885,0.049100931810547976,-0.031437224222212845,0.02948312463873785,0.010684353928618995,-0.026210279602194575,-0.008253512147330833
MH_02_easy,503,1403636985266666624,1403636986266666624,0.18779748013326758,0.17157021089040758,0.07412710515959198,-0.018350165124185858,0.006970660622531989,0.004359849083538259,-0.004039015921085465,0.00364255073712183
MH_02_easy,504,1403636985516666624,1403636986516666624,0.18876136232043358,0.16291059906236294,0.09389289388255406,-0.016586533591063546,0.012099344452473964,0.0021638139131561207,0.010976347300054812,0.004607802673446848
MH_02_easy,505,1403636985766666624,1403636986766666624,0.18865790336011315,0.16630988658921297,0.08740489696262088,-0.01712337904359229,0.005734142451531736,0.0038152184844153503,-7.067172576924463e-06,0.004280706440028981
MH_02_easy,506,1403636986016666624,1403636987016666624,0.19894823602512204,0.1761849560012636,0.09111850094367213,-0.015384429860040183,0.010713226780175056,0.006540644838817,0.0011383420508082054,0.008408172840235761
MH_02_easy,507,1403636986266666624,1403636987266666624,0.2072177561715949,0.1761570942496662,0.1001152305905677,-0.04341448170947382,0.019698774455172492,0.005452794937901517,0.011172745760481106,-0.015280003094652939
MH_02_easy,508,1403636986516666624,1403636987516666624,0.1970387157780477,0.16988242432417855,0.08437216387076951,-0.05334374738398151,0.02386931612655938,0.005168843707723303,-0.003682023734036477,-0.023010215303137627
MH_02_easy,509,1403636986766666624,1403636987766666624,0.1867200685836264,0.15981861950747533,0.08153544934086199,-0.05171424727657459,0.022837368097222723,0.0014254997213538623,-0.005603404941334489,-0.022093328975414606
MH_02_easy,510,1403636987016666624,1403636988016666624,0.17746092607390618,0.15290940243682605,0.07710802301465947,-0.04653437134196525,0.021993695775644626,-0.0059850071962557205,-0.010236216646484664,-0.018523558283942254
MH_02_easy,511,1403636987266666624,1403636988266666624,0.18150456070131263,0.15509743911428542,0.08607192417814424,-0.03847484637836507,0.012176872928143132,-0.006224176486653743,-0.002929093176124553,-0.010047699962514423
MH_02_easy,512,1403636987516666624,1403636988516666624,0.18292842324528125,0.15453049055999069,0.09063938911435265,-0.036981571887500286,0.009823088885601983,-0.007619124246596165,-0.000610079609939973,-0.006170074864935038
MH_02_easy,513,1403636987766666624,1403636988766666624,0.18424227365596108,0.15428249357799206,0.0926815770606968,-0.039398640215329794,0.007980934301623574,-0.006793093414992679,0.000568322564667767,-0.004150446198242341
MH_02_easy,514,1403636988016666624,1403636989016666624,0.18561286156756074,0.15584251223553736,0.0923938755693321,-0.040356133569677266,0.003254454413551431,-0.0026751521555548052,0.0004246070964555315,-0.001804090709513928
MH_02_easy,515,1403636988266666624,1403636989266666624,0.1880761616338288,0.16792342118655967,0.08113694457270171,-0.02431385237517303,0.02235652466260324,0.012114147886906235,-0.01096202111155975,0.015260920978547476
MH_02_easy,516,1403636988516666624,1403636989516666624,0.19343465971406423,0.1661261151702651,0.09689752312082067,-0.02073527068021208,0.020805335888716133,0.009258437828378652,0.0035196041847314063,0.01829633069233194
MH_02_easy,517,1403636988766666624,1403636989766666624,0.20275409289732982,0.15998098881144762,0.12169255833423342,-0.026574925241658054,0.028022345356697877,-0.0014267809330401615,0.026158234189848528,0.009948010832734333
MH_02_easy,518,1403636989016666624,1403636990016666624,0.20345087043462667,0.1539999195395918,0.13158056122320883,-0.01904829049001211,0.03888722145261002,-0.007946230646724839,0.03586299418632066,0.012763975039356446
MH_02_easy,519,1403636989266666624,1403636990266666624,0.19634118888061222,0.13620439917674876,0.139249485418941,-0.02465369965163977,0.05231148239128087,-0.024791490303436747,0.04598449343568323,0.0027017701551939055
MH_02_easy,520,1403636989516666624,1403636990516666624,0.18121264406150367,0.14200805634994484,0.10955389431960771,-0.025878147902822057,0.026634946340528497,-0.01990615451639055,0.01769647324117507,-1.4620423767097712e-05
MH_02_easy,521,1403636989766666624,1403636990766666624,0.18318554065441395,0.15321702002850257,0.0977017089909058,-0.023148717862805035,0.010906764229763301,-0.009118026207232566,0.005597960836158933,0.0021170589327402234
MH_02_easy,522,1403636990016666624,1403636991016666624,0.18652822747858225,0.15361650361135432,0.10129362399653097,-0.030567158882923717,0.012194932146972922,-0.005237680463794581,0.009034215361975129,-0.006298097031795458
MH_02_easy,523,1403636990266666624,1403636991266666624,0.18309094178374843,0.15197257819363774,0.0985115949844877,-0.02687180853703164,0.008251064461222053,-0.004082192342737989,0.006448920605878428,-0.0031348354724306526
MH_02_easy,524,1403636990516666624,1403636991516666624,0.18231204111071195,0.16150672264308194,0.08094119752457285,-0.024531233526519036,0.012863709444826281,0.0018461929065106686,-0.012723474040316596,-0.0004240292186303285
MH_02_easy,525,1403636990766666624,1403636991766666624,0.1891854846117358,0.17736360115172015,0.06533446659427788,0.00804413134602161,0.045683008944678284,0.011201881346070836,-0.030359511017849172,0.032245236102488084
MH_02_easy,526,1403636991016666624,1403636992016666624,0.19608262226810766,0.1809521346955913,0.07121346426671327,0.025166688534241533,0.05729162878810028,0.012514550479119563,-0.024192209172488433,0.05040291430913113
MH_02_easy,527,1403636991266666624,1403636992266666624,0.1955716667666899,0.17045849327325563,0.09290026516721461,0.023700625408918763,0.05145039698218345,0.006386237118955619,0.0004981786432587398,0.0510500846534474
MH_02_easy,528,1403636991516666624,1403636992516666624,0.1843210887889318,0.15373344543310524,0.10168211680492956,0.0010191416351018612,0.0326415888418124,-0.005407192835598179,0.012243872854411642,0.029771180112343365
MH_02_easy,529,1403636991766666624,1403636992766666624,0.1889335188262067,0.15927296350405795,0.0996063468231263,-0.020163662991597164,0.01354570754163465,-0.0017635187209062986,0.010962312816819697,0.007759116717172221
MH_02_easy,530,1403636992016666624,1403636993016666624,0.1937381449781846,0.16350492764694036,0.10075275794152105,-0.025485078417264717,0.012820825959741055,-0.0012942479233655213,0.012734315043138267,-0.0007319296311371626
MH_02_easy,531,1403636992266666624,1403636993266666624,0.18071756611878823,0.15678717517722435,0.08872492569121437,-0.014300628130730575,0.012519666442392672,-0.008937886613318569,0.0023283637490285614,0.008451920075843333
MH_02_easy,532,1403636992516666624,1403636993516666624,0.18005140586832882,0.15228638645236225,0.09411050257942222,-0.01925041715631165,0.01715218240493798,-0.013920099764504479,0.009373207645677617,0.0035455834822377408
MH_02_easy,533,1403636992766666624,1403636993766666624,0.18227217498974577,0.14908428938085594,0.09803804987585618,-0.03722312737851091,0.02564786829403041,-0.018446847443611247,0.012315683426983526,-0.012878311579799073
MH_02_easy,534,1403636993016666624,1403636994016666624,0.18168396150847163,0.14543668347662242,0.100705935995129,-0.04141916735133053,0.02493214225500747,-0.017191263033667914,0.009931817998239723,-0.015080821727645133
MH_02_easy,535,1403636993266666624,1403636994266666624,0.17416660536118653,0.1383497640522583,0.09764185198443354,-0.04073595403048422,0.018741745538815243,-0.012156268619415767,-0.0036136779949274,-0.013799256880110827
MH_02_easy,536,1403636993516666624,1403636994516666624,0.16583955970338962,0.1293669537746044,0.10015465489897757,-0.02712924502746461,0.01610395618883639,-0.011357546558072196,-0.011390980796401884,-0.000767526943623309
MH_02_easy,537,1403636993766666624,1403636994766666624,0.18828717452262855,0.13134400107442867,0.1325947628226718,-0.02488859866434176,0.015752174687756127,-0.00778000119631761,0.013660422875313216,0.0009977152131248612
MH_02_easy,538,1403636994016666624,1403636995016666624,0.19389535865835025,0.13532790693244467,0.1363592062163539,-0.02622850728844009,0.014871877009841269,-0.006250657927998393,0.013492986784134686,0.00020324592532888763
MH_02_easy,539,1403636994266666624,1403636995266666624,0.19279375645609823,0.14040081348658617,0.12832612263718257,-0.031455529715217465,0.006118733377601868,-0.0022921214988429472,0.00474846238478932,-0.00310438112366411
MH_02_easy,540,1403636994516666624,1403636995516666624,0.19013719308075236,0.13873048059801718,0.12687572755103504,-0.02843511392743151,0.005902930770207175,-0.0038557780801040664,0.004078118647152351,0.0018293483469793148
MH_02_easy,541,1403636994766666624,1403636995766666624,0.18592360255161586,0.14189362050084298,0.11871960653191183,-0.01842393746846787,0.012723402870504632,-0.0005150478361282129,-0.004070537049588818,0.012043688573671685
MH_02_easy,542,1403636995016666624,1403636996016666624,0.1800907241077774,0.1436961904469598,0.10683866809777642,-0.01922427527340962,0.018587967646022656,0.002314501541878178,-0.015946586413877917,0.009266175347302293
MH_02_easy,543,1403636995266666624,1403636996266666624,0.18303949156894153,0.1441146836839018,0.10756197426616643,-0.03412968081406703,0.015731992714658007,0.005906038930828306,-0.013528690374200902,-0.005439562085370192
MH_02_easy,544,1403636995516666624,1403636996516666624,0.18609189994577277,0.13885269165539382,0.11727056985457551,-0.03997172364888407,0.011363926284819977,-0.0005597684893130506,-0.004426520110434762,-0.01045138266245721
MH_02_easy,545,1403636995766666624,1403636996766666624,0.18870582999334237,0.13369076557842519,0.1279289556238683,-0.03702501567207139,0.012133700855770823,-0.00811470269990755,0.004039480243811511,-0.008066033468149214
MH_02_easy,546,1403636996016666624,1403636997016666624,0.18649277821284502,0.12939839844398193,0.129894794175343,-0.03410210040192799,0.0121457051736063,-0.0074219256562293445,0.00613605060409439,-0.007401490167632752
MH_02_easy,547,1403636996266666624,1403636997266666624,0.18345255660095783,0.1278029349848171,0.12720787135159517,-0.03375511515148877,0.008026805792788841,0.0015091389532178034,0.0013837920959529626,-0.0077612647352224284
MH_02_easy,548,1403636996516666624,1403636997516666624,0.1837116097601996,0.12364353291170538,0.1320244025860129,-0.032121479598584524,0.009849057112353432,0.007366972659300863,-0.003867704808635075,-0.005269961987792171
MH_02_easy,549,1403636996766666624,1403636997766666624,0.19018180687868896,0.11409653995264701,0.15009367627078385,-0.024959719189087598,0.006765742232143563,0.005732360906272493,-0.002244832494278981,0.002806427170742004
MH_02_easy,550,1403636997016666624,1403636998016666624,0.18867117112839854,0.08797433235194418,0.16474525615070634,-0.026764309033286637,0.012541616038022915,-0.012501421302282711,0.0003270050109946965,0.0009485072434146091
MH_02_easy,551,1403636997266666624,1403636998266666624,0.18685198350170734,0.07996284327867764,0.1661011589603434,-0.030496105084792113,0.01595332891449282,-0.015447150486980643,-0.0017856338784159043,-0.0035645135627206948
MH_02_easy,552,1403636997516666624,1403636998516666624,0.1891007658743973,0.08156577947266985,0.16152326244779447,-0.05492138892563003,0.030218118481382103,-0.010360601602779518,-0.002483005154947371,-0.028277682090012857
MH_02_easy,553,1403636997766666624,1403636998766666624,0.19496026093999363,0.09792454764245351,0.15630556571801346,-0.06315739418613653,0.036689941090594216,0.005804798054653393,-0.0045100299394311705,-0.03594601127693309
MH_02_easy,554,1403636998016666624,1403636999016666624,0.1919783810818763,0.11139764603361302,0.1471999023563466,-0.052711023583971506,0.03341334368156887,0.01850066795533367,-0.012120531827120473,-0.02504534945687298
MH_02_easy,555,1403636998266666624,1403636999266666624,0.1925791189014845,0.12050180095369267,0.14229546525903314,-0.04814596110271374,0.038889210936511154,0.028241785801521146,-0.015786290046000184,-0.02157696245047047
MH_02_easy,556,1403636998516666624,1403636999516666624,0.18328408497792692,0.11050557986918452,0.14248113165533915,-0.03287399802556912,0.026164625474388813,0.02045984023606584,-0.013744893768346644,-0.008778408684184336
MH_02_easy,557,1403636998766666624,1403636999766666624,0.1814971100408046,0.09348163176045698,0.1537806031252973,-0.023535326192472006,0.0040450272231628455,0.0030569597601846077,-0.002440470581597687,-0.001030216288502972
MH_02_easy,558,1403636999016666624,1403637000016666624,0.18089193828760916,0.08449909402333322,0.15795945918362841,-0.02511186375201424,0.008265055409675053,-0.007994271303133793,0.0012849909953185357,-0.0016587843135382752
MH_02_easy,559,1403636999266666624,1403637000266666624,0.19334408561540073,0.10080462026114567,0.16180795678144633,-0.03222652787185154,0.009757877794313634,0.005879291162359301,0.0033042990666622973,-0.007052072188727054
MH_02_easy,560,1403636999516666624,1403637000516666624,0.204477688881826,0.1251182324351694,0.15709622771767418,-0.03843602996705575,0.03185300704569752,0.028841271254947287,-0.003014100435489331,-0.013179921426798802
MH_02_easy,561,1403636999766666624,1403637000766666624,0.20739481244456837,0.12815253531344872,0.15788277291735087,-0.040774574646232464,0.03511151956899958,0.030918118594918997,-0.0029137200382818307,-0.01638288694135681
MH_02_easy,562,1403637000016666624,1403637001016666624,0.20385610858621128,0.11792768728331193,0.16088566183837827,-0.04202591337198447,0.027311682088351705,0.0204792934051925,0.0003367514366896529,-0.018066906724426235
MH_02_easy,563,1403637000266666624,1403637001266666624,0.19362872820791951,0.09559298706499098,0.16525147740382296,-0.03234214629956744,0.009693952152767653,-0.0008755343194755127,0.005784955607354592,-0.007729193788261868
MH_02_easy,564,1403637000516666624,1403637001516666624,0.18457149249061133,0.09001403697443111,0.16022968002608284,-0.017045780314102865,0.011209872899117334,-0.007450365991507724,0.0001697391725002939,0.008374036399507068
MH_02_easy,565,1403637000766666624,1403637001766666624,0.1849068185132534,0.09154453034049892,0.16049321242845505,-0.007215210449149745,0.020294355761838787,-0.006215404821001691,0.0006731080440859349,0.019307421999328
MH_02_easy,566,1403637001016666624,1403637002016666624,0.18457164231748116,0.09377584382035886,0.1585911556869965,-0.011028490441339134,0.016404136423707433,-0.0036704131594187395,-0.00035375673962656506,0.015984324046262932
MH_02_easy,567,1403637001266666624,1403637002266666624,0.17895004994018238,0.0843621345623764,0.1572723703748221,-0.013097791506893164,0.017628527193457092,-0.010521607829173885,0.001439733706655455,0.014070817550996928
MH_02_easy,568,1403637001516666624,1403637002516666624,0.17473008642462043,0.08352535729736843,0.15211264337698166,-0.02039268288307028,0.014424445578636858,-0.012270487042085776,-0.0035970064240939265,0.0066754267868121
MH_02_easy,569,1403637001766666624,1403637002766666624,0.17524874384676645,0.09010076652630516,0.14944080292092315,-0.016168503752407637,0.017269723388199255,-0.009875331256659514,-0.009801813370195422,0.010229644819445993
MH_02_easy,570,1403637002016666624,1403637003016666624,0.17447753015274117,0.08893691253664349,0.1494530266955006,-0.014015239141881297,0.019516475894959598,-0.011952678417399998,-0.010406601298480755,0.011389862133635242
MH_02_easy,571,1403637002266666624,1403637003266666624,0.17476809339951532,0.09489460378199377,0.14577752627694487,-0.016965066346312008,0.014386707010116474,-0.0037011841183067773,-0.011456748905232739,0.007875371688991994
MH_02_easy,572,1403637002516666624,1403637003516666624,0.1803603127122419,0.10273600892163737,0.14695236551794771,-0.019497618859502408,0.011255269882358405,0.004914163089656753,-0.00843780498091895,0.005597816391858412
MH_02_easy,573,1403637002766666624,1403637003766666624,0.18553967093248752,0.09974973750088001,0.15527491353633782,-0.019096088199526573,0.007603783624391499,-0.0017035921180532654,-0.002201889884117847,0.0070758024449592005
MH_02_easy,574,1403637003016666624,1403637004016666624,0.1823343706083973,0.09342439506538458,0.15604598993438556,-0.012936542707576826,0.017036566784922772,-0.009499084446258799,-0.0015958443125282384,0.014052234108146267
MH_02_easy,575,1403637003266666624,1403637004266666624,0.18053730972091153,0.09403069650583173,0.15335109546651027,-0.015342419467403445,0.013726446511642057,-0.00680196975673919,-0.0017652565126050623,0.011791200562711213
MH_02_easy,576,1403637003516666624,1403637004516666624,0.18313096318785843,0.09832358742231229,0.15229859427870862,-0.025972293222758958,0.004272288977076286,-0.0027642067792754688,-0.0031712059475383914,0.0007450280688351407
MH_02_easy,577,1403637003766666624,1403637004766666624,0.19464325578327374,0.10601402050551378,0.1615059246377546,-0.023724687249221277,0.004461668239026456,0.0016358538963743285,0.0026271940450430797,0.003213769897572716
MH_02_easy,578,1403637004016666624,1403637005016666624,0.19822104387233017,0.10172796843681198,0.16720287931389444,-0.0314038185687423,0.010651792177952925,-0.0008379183578464122,0.010196535568831377,-0.0029646638631453115
MH_02_easy,579,1403637004266666624,1403637005266666624,0.19619024516008846,0.09556629102681224,0.16746071316319444,-0.036257493876832636,0.016518174244908174,-0.0020674342105424515,0.015562955585526117,-0.005135193240099922
MH_02_easy,580,1403637004516666624,1403637005516666624,0.18562175743052783,0.09488350321309369,0.15647605556049737,-0.031109511179648774,0.006879460234264655,-0.0014479012358492582,0.00670134607433881,0.000567904849423484
MH_02_easy,581,1403637004766666624,1403637005766666624,0.18854780813532127,0.09375102694301685,0.1621275704937002,-0.02180990109042047,0.014386451250490767,-0.007744216722952224,0.008617555934925747,0.008528470943792943
MH_02_easy,582,1403637005016666624,1403637006016666624,0.18629634777966753,0.10054524294708855,0.15491036737854746,-0.0244900264474589,0.007267588478639036,-0.006188123775987542,-0.001914345731272027,0.0032954888634412205
MH_02_easy,583,1403637005266666624,1403637006266666624,0.187461052456386,0.10347922076846938,0.1519911629848283,-0.03650182778609368,0.010883657454608951,-0.002956811125358172,-0.004829313060913387,-0.009294568463243169
MH_02_easy,584,1403637005516666624,1403637006516666624,0.19348658041584701,0.11966318139002752,0.14302633204881632,-0.051587286818528644,0.03151882232231852,0.01723724718014452,-0.01175379927447695,-0.023625445452981175
MH_02_easy,585,1403637005766666624,1403637006766666624,0.2024434706216149,0.13133293061920703,0.14609185642339706,-0.04891001552914043,0.03806477123661536,0.031534661395007824,-0.007101791047675388,-0.02010115678047464
MH_02_easy,586,1403637006016666624,1403637007016666624,0.19836798518504514,0.12715242719639175,0.144930789934687,-0.046660303613973775,0.0339595220024023,0.027816017847046126,-0.00896783100820353,-0.017294400619066286
MH_02_easy,587,1403637006266666624,1403637007266666624,0.1875173319980569,0.10587290546717565,0.15169310426545102,-0.03070634797430316,0.01049065104182135,0.009881773563779284,-0.003471149248081895,-0.0005961823655566967
MH_02_easy,588,1403637006516666624,1403637007516666624,0.1831369462299844,0.09187462513562483,0.15632387990870655,-0.025710676788464726,0.006258975665118229,0.003976570530014989,-0.003143507070863416,0.003671515557884808
MH_02_easy,589,1403637006766666624,1403637007766666624,0.17320811383328658,0.07238892300147892,0.1565085330455105,-0.016308697321155696,0.01535318201590776,-0.0027151401571732237,-0.010726002565773163,0.01064429804634981
MH_02_easy,590,1403637007016666624,1403637008016666624,0.17777787187512792,0.05475551149896063,0.16760645211886915,-0.022691031203138423,0.011530449477571173,-0.009386079686250604,-0.006402248746213868,0.0019657019788813512
MH_02_easy,591,1403637007266666624,1403637008266666624,0.1786415170390065,0.05349096507126827,0.1695436709397118,-0.01750576790742797,0.012269213073116987,-0.006691340718014693,-0.007818570186129525,0.0066805320950916736
MH_02_easy,592,1403637007516666624,1403637008516666624,0.18440724346679033,0.05138868629336368,0.17606491408268443,-0.019141065621309683,0.011935967967911269,-0.009950008551064649,-0.0024342227994196275,0.006126925862741439
MH_02_easy,593,1403637007766666624,1403637008766666624,0.18307741246759424,0.05553225657323235,0.17348965579952158,-0.01829881871263428,0.011210718108898838,-0.00715800423128421,-0.0035778294508403974,0.007851261832521494
MH_02_easy,594,1403637008016666624,1403637009016666624,0.18248063497324438,0.06804878124073,0.1686379466653738,-0.015158774896945615,0.014381954553503462,0.0043400949577625525,-0.005877298612011694,0.012387960024228706
MH_02_easy,595,1403637008266666624,1403637009266666624,0.1729128927344394,0.0653606335957555,0.15970854956990777,-0.010956059694500753,0.02247788157434105,0.0007894493470326225,-0.010447014319222792,0.019886976180719995
