seq_id,window_id,t_start_ns,t_end_ns,err_mag_m,err_dx,err_dy,err_dz,err_mag_m_bc,err_dx_bc,err_dy_bc,err_dz_bc
MH_03_medium,0,1403637132868318976,1403637133868318976,0.18119206204195595,0.0712675341061928,0.16523694249950815,-0.0211720278398857,0.006893390714121183,0.0019730937948407856,-0.0022331663017118863,0.006216003915956891
MH_03_medium,1,1403637133118318976,1403637134118318976,0.18541798476655108,0.07792901838789668,0.16671195965485786,-0.02267200202948283,0.0070622454072279475,0.0035853017244038554,-0.0044152457353763275,0.004186469495068623
MH_03_medium,2,1403637133368318976,1403637134368318976,0.18310067741488076,0.08172570814674796,0.1616937537715002,-0.026493332915703105,0.007970519472731153,0.0030753936915148827,-0.0073385787302744365,-0.0004651844010074013
MH_03_medium,3,1403637133618318976,1403637134618318976,0.17212730000054077,0.07785311629328273,0.14950664224471977,-0.03484915513481113,0.01225188475593929,0.002069127733475007,-0.007039492212711718,-0.009811877490192855
MH_03_medium,4,1403637133868318976,1403637134868318976,0.15574438135648913,0.06894072103439974,0.13446675262371777,-0.03771182501821524,0.014494328055247101,-0.0012743258217229325,-0.005603520091068015,-0.013306472186955132
MH_03_medium,5,1403637134118318976,1403637135118318976,0.15662140516144152,0.07236419258055893,0.13354137240434683,-0.0382150499577294,0.01619098444210039,-0.003016282846874496,-0.005950024072577609,-0.014752871873900841
MH_03_medium,6,1403637134368318976,1403637135368318976,0.16982456743272606,0.08759693659733792,0.14277776038061218,-0.02795838949530116,0.013168868181823697,-0.003983464839233619,-0.012060029472350298,-0.003479480735811058
MH_03_medium,7,1403637134618318976,1403637135618318976,0.18680199439943065,0.09244064319448686,0.15903189019796815,-0.03253568037487298,0.0181410559393253,-0.01377016883963833,-0.009914270211603293,-0.006417757154403625
MH_03_medium,8,1403637134868318976,1403637135868318976,0.17580909643404571,0.07864133414416319,0.155653160813765,-0.02228166245292007,0.024095904722443058,-0.02226797550906401,-0.00781633460195974,0.004863620514697464
MH_03_medium,9,1403637135118318976,1403637136118318976,0.13899437442579274,0.04943248206935014,0.12895652492928367,-0.015686953708221596,0.03821910455709009,-0.03383281525188675,-0.014763849493336423,0.009902995173965978
MH_03_medium,10,1403637135368318976,1403637136368318976,0.13954266768877002,0.05790763102610175,0.12550751893097067,-0.01915006700863997,0.015009037554944456,-0.0136927373337139,-0.004140578381465199,0.004542660377201191
MH_03_medium,11,1403637135618318976,1403637136618318976,0.14231605568343836,0.06838171621779843,0.12211887220139195,-0.025783359840410802,0.019951848738088487,-0.01238498182920722,-0.01553087637550643,-0.0018655755590450962
MH_03_medium,12,1403637135868318976,1403637136868318976,0.17043978186797978,0.08816310539975625,0.14051753326368344,-0.03913833076365958,0.026771863853392388,-0.014657026765851455,-0.01821209338503138,-0.01304698873704535
MH_03_medium,13,1403637136118318976,1403637137118318976,0.19302761996245657,0.11091913050219482,0.15516584737689487,-0.029667631601086875,0.012037190731794422,-0.0025849582054950915,-0.011596677180268022,-0.00193106969477852
MH_03_medium,14,1403637136368318976,1403637137368318976,0.16587032375952823,0.08823764628638653,0.13866530326573168,-0.022338660482488892,0.016839780531923063,-0.010147681466128766,-0.012289850607690722,0.005437126195515951
MH_03_medium,15,1403637136618318976,1403637137618318976,0.14792833347285844,0.06474224236442527,0.1281620870999709,-0.035576865065133245,0.015104775598038987,-0.011688741225483135,-0.0018258512164961438,-0.009391157637161918
MH_03_medium,16,1403637136868318976,1403637137868318976,0.14094954266609472,0.06720204849587841,0.11602701120044778,-0.04345562020763283,0.022748163493811587,-0.00629046522927279,-0.011239717393053406,-0.018750406461321978
MH_03_medium,17,1403637137118318976,1403637138118318976,0.1689417063984929,0.10037151221952723,0.12947222293442429,-0.041277150870894785,0.023580041090924965,0.00660071103978499,-0.016867208564537384,-0.015097888158923656
MH_03_medium,18,1403637137368318976,1403637138368318976,0.1943980761970252,0.12274436645448716,0.1489137991731997,-0.023433159168045004,0.01928104858366688,0.008253041038931208,-0.016976766597316395,0.0039288094883415114
MH_03_medium,19,1403637137618318976,1403637138618318976,0.18123625993587708,0.11156603593256254,0.14255892178520035,-0.008749592063639122,0.02515245997085569,0.0005790216326202469,-0.01765302929259116,0.017907583123620396
MH_03_medium,20,1403637137868318976,1403637138868318976,0.15862953113060485,0.0822308662900939,0.13341774964142084,-0.024517684566764952,0.006922571160036097,-0.00446028893589645,-0.005286091837689577,0.00029162845813612837
MH_03_medium,21,1403637138118318976,1403637139118318976,0.14040728468907518,0.06608750192035817,0.11909849807745787,-0.03409098765626217,0.015032464206866384,-0.006433429263231538,-0.0067651583933694415,-0.01178213053561783
MH_03_medium,22,1403637138368318976,1403637139368318976,0.1536630460612754,0.09121817038093027,0.11822921798034414,-0.03624126284970619,0.02420200609130534,0.00662597818146704,-0.01816002108193482,-0.014561838698666674
MH_03_medium,23,1403637138618318976,1403637139618318976,0.176275709893274,0.10684626564125566,0.13187172618645682,-0.04761144032162956,0.03209491345933447,0.0060589541238096345,-0.02090279583661947,-0.02358910068443354
MH_03_medium,24,1403637138868318976,1403637139868318976,0.18035479596773277,0.10814198108225259,0.1430860472503055,-0.01896173616659569,0.017723677047138394,0.0061024823498812,-0.014513364061820466,0.008139453350791248
MH_03_medium,25,1403637139118318976,1403637140118318976,0.1705626129445423,0.1050778591876389,0.1340935375563983,-0.008316948275857272,0.03238428271116638,0.013024731323667993,-0.021408463276447742,0.02051282137600774
MH_03_medium,26,1403637139368318976,1403637140368318976,0.17022628776975804,0.08870644602594968,0.14296171213897657,-0.02588637370529423,0.012138532923738994,0.00412753986446468,-0.011235174796605962,0.0020194661417465287
MH_03_medium,27,1403637139618318976,1403637140618318976,0.1695192787371206,0.09007370561271699,0.14131875778190173,-0.025544512516925688,0.016363008371443628,0.0071402464391079334,-0.014672967315584984,0.001212004087664531
MH_03_medium,28,1403637139868318976,1403637140868318976,0.1725064965180971,0.09217097573412047,0.14446727323971453,-0.019804280745588376,0.015399075666190627,0.007882565398777963,-0.011546685632505715,0.006455288143153548
MH_03_medium,29,1403637140118318976,1403637141118318976,0.1746859910526203,0.0967343217871326,0.14459229565940301,-0.015834598017108292,0.01829011073502965,0.010171991686434012,-0.010790635209286137,0.010706116364531004
MH_03_medium,30,1403637140368318976,1403637141368318976,0.17710356429884616,0.09745207160254488,0.14697106980468377,-0.0163789764086395,0.01721611813880667,0.010747251143136793,-0.00808034053413409,0.010751716769340725
MH_03_medium,31,1403637140618318976,1403637141618318976,0.17959561492348963,0.100483143587212,0.14798788713804334,-0.0160408233889614,0.019184880257621127,0.01389513406669618,-0.00711221537560025,0.0111535318271333
MH_03_medium,32,1403637140868318976,1403637141868318976,0.17952943495761672,0.09782147111879347,0.1495938560218364,-0.016836152911941404,0.016265906979379064,0.011257466086047607,-0.005528326040968423,0.010357934078186193
MH_03_medium,33,1403637141118318976,1403637142118318976,0.17870087525060016,0.09524745453565053,0.15041856520236596,-0.015368163919978417,0.015404442160059265,0.008678400881614756,-0.00469402593703605,0.011829975355132083
MH_03_medium,34,1403637141368318976,1403637142368318976,0.17775557504284462,0.09300509129419332,0.15069561113966246,-0.015424987371624455,0.014130362006352738,0.0064418874655975955,-0.004412879269593439,0.011776914403320848
MH_03_medium,35,1403637141618318976,1403637142618318976,0.17777090517864874,0.09163230811604794,0.1514957332262883,-0.01597052446199143,0.012843204153102496,0.005083921795626445,-0.003604195087604678,0.011229933653620128
MH_03_medium,36,1403637141868318976,1403637142868318976,0.1779528614527118,0.09199024787267973,0.15149661227847,-0.015930840017962744,0.01304218906740929,0.005441190895240311,-0.0036165481656162957,0.011287724158455581
MH_03_medium,37,1403637142118318976,1403637143118318976,0.17877596024092815,0.0924019290024587,0.15226386411255444,-0.015441604910243711,0.013493158892362167,0.0058371290570784495,-0.0028609652076345693,0.011824049194174013
MH_03_medium,38,1403637142368318976,1403637143368318976,0.17959475298739794,0.09252019661770827,0.15324577151843277,-0.01449213683848527,0.014243067256591954,0.005943286057472186,-0.0018971785284995768,0.012804023951315413
MH_03_medium,39,1403637142618318976,1403637143618318976,0.18102363232131685,0.09249860408412847,0.15500937054007924,-0.013625664976777085,0.014931918378596164,0.005934235517627506,-0.00014357803514575274,0.013701329155750175
MH_03_medium,40,1403637142868318976,1403637143868318976,0.18171481059465255,0.0914087838442823,0.1564450237903594,-0.013771752132303305,0.014446756747219423,0.004865389945972964,0.0012643575754034408,0.013543934476675346
MH_03_medium,41,1403637143118318976,1403637144118318976,0.18166261087282895,0.0901916882180629,0.15698534580931978,-0.01491190016855315,0.013109319376813623,0.003701567845310727,0.001833166616908688,0.012441549347429137
MH_03_medium,42,1403637143368318976,1403637144368318976,0.1811143532130653,0.09087864388042366,0.15578874076690674,-0.016533277851159323,0.011699815180771908,0.004494666193877173,0.00069597327145976,0.01077957662782969
MH_03_medium,43,1403637143618318976,1403637144618318976,0.17935178373883606,0.09108666724871295,0.15330677276707827,-0.019165458605728602,0.00957762935694004,0.004797097181855392,-0.0017304133603526228,0.008107065580656658
MH_03_medium,44,1403637143868318976,1403637144868318976,0.17698290809014663,0.09123614414241299,0.15009439914161704,-0.021693019715730677,0.00892478653288811,0.004972725918022114,-0.004983952995939234,0.005484890530914943
MH_03_medium,45,1403637144118318976,1403637145118318976,0.1742238457055105,0.0888012278010164,0.1482813886900085,-0.021929891053357742,0.00903371967061476,0.002539480937763905,-0.00688591785710968,0.005267187382192118
MH_03_medium,46,1403637144368318976,1403637145368318976,0.1735452157067984,0.08532546943804231,0.1499206491920675,-0.01900802740228269,0.009798893621637326,-0.001049877491329454,-0.005215675197550063,0.008228779113272244
MH_03_medium,47,1403637144618318976,1403637145618318976,0.17844399545939071,0.08587986897142663,0.1555574571619558,-0.016394668104842247,0.010951237409642845,-0.0004918166111878008,0.0004273312650069361,0.010931839059063586
MH_03_medium,48,1403637144868318976,1403637145868318976,0.17838437468941426,0.08503052471368111,0.15592489268989174,-0.016680013186300413,0.010855925923449031,-0.0013521687882445121,0.000771475662605825,0.010743723401387295
MH_03_medium,49,1403637145118318976,1403637146118318976,0.18435466221006694,0.088350602908978,0.1606109691280626,-0.019619608557575496,0.009771543042419254,0.002003437029651778,0.005419814234142617,0.00788003218048361
MH_03_medium,50,1403637145368318976,1403637146368318976,0.18679793789135893,0.08961419245137758,0.16275130546301741,-0.019359201477205823,0.01162272478605905,0.0033028311513811914,0.007603884675614125,0.008146163248910376
MH_03_medium,51,1403637145618318976,1403637146618318976,0.1866934600515498,0.09014715176533272,0.16232165730548131,-0.01948380415164297,0.011556079443515905,0.003968644816960243,0.007307283926808683,0.008024738751801763
MH_03_medium,52,1403637145868318976,1403637146868318976,0.18756259323633423,0.09139178253614588,0.1618212776145178,-0.025320793384282836,0.008949041936642388,0.005280200906335963,0.00686168236234419,0.002263215661577056
MH_03_medium,53,1403637146118318976,1403637147118318976,0.1895066102249904,0.09194357158971389,0.16326601886202408,-0.028343289280512107,0.010165467603226392,0.005828649290092969,0.008299275411747464,-0.0006968548523961227
MH_03_medium,54,1403637146368318976,1403637147368318976,0.19281368275060595,0.09218587584129967,0.16711514671672068,-0.027411827539817857,0.013506437864775787,0.006071754665421203,0.012062357619587516,0.00023913957255949914
MH_03_medium,55,1403637146618318976,1403637147618318976,0.190094628262342,0.08783715569507411,0.1663063629000161,-0.027618751466448543,0.011368159994369352,0.00176930504243078,0.011229114426149822,-0.0001077521639817336
MH_03_medium,56,1403637146868318976,1403637147868318976,0.1859245988949478,0.0834451685741513,0.16402203816069183,-0.026488324097444393,0.0093068929717187,-0.002593740670864264,0.008891553348217451,0.0009116167918234996
MH_03_medium,57,1403637147118318976,1403637148118318976,0.18361269392385476,0.08097567371300318,0.16269987812638043,-0.02617845095419835,0.00915734756097054,-0.005045507638849145,0.00754493910115972,0.001213985575910681
MH_03_medium,58,1403637147368318976,1403637148368318976,0.18247997047153908,0.08059902722959222,0.16140655111194913,-0.027398205982928525,0.008312574643650478,-0.005438421234543966,0.006285637744158912,0.00011502100298210749
MH_03_medium,59,1403637147618318976,1403637148618318976,0.18645991867294817,0.08324675339772725,0.16505480035736286,-0.0243760579104072,0.010854353632349493,-0.0027780978721896332,0.009964978752257547,0.0032860863433101795
MH_03_medium,60,1403637147868318976,1403637148868318976,0.191420705474187,0.08411834505140181,0.1700138574240322,-0.025715341604761854,0.01513065071783607,-0.0018879494922998674,0.014884346271395898,0.0019566486482914813
MH_03_medium,61,1403637148118318976,1403637149118318976,0.19110785589539783,0.07664409720446663,0.17297703194842162,-0.02695999567809937,0.019982640285832964,-0.00927027842283401,0.017692696230040328,0.0005799576429788011
MH_03_medium,62,1403637148368318976,1403637149368318976,0.1896498461067862,0.06751101954058214,0.17475574071681965,-0.029491650605459996,0.026543269314842355,-0.01816484616846381,0.019245333624742678,-0.0020495470886627842
MH_03_medium,63,1403637148618318976,1403637149618318976,0.18683743033518105,0.06232722868970164,0.17445667847776347,-0.0242571488972122,0.029718458767120245,-0.022787231717144252,0.01880757951145573,0.003194341103024523
MH_03_medium,64,1403637148868318976,1403637149868318976,0.18958182332829188,0.06533373536747344,0.1760349360638327,-0.026162416639426866,0.027931278787361048,-0.019042069164788344,0.020362240040646018,0.0017132183596419992
MH_03_medium,65,1403637149118318976,1403637150118318976,0.19342818317493438,0.07772559105277033,0.17558757121279456,-0.023285175057217833,0.021121907667397036,-0.006727598867376727,0.019026924872426187,0.006233019082977909
MH_03_medium,66,1403637149368318976,1403637150368318976,0.19947886740142542,0.08254955654010487,0.1800589565970261,-0.023583074523432557,0.021418209488162934,-0.0029176016020686646,0.020195709503534776,0.006508503377833819
MH_03_medium,67,1403637149618318976,1403637150618318976,0.2007996987308183,0.07422401079738616,0.18352768320845225,-0.033599177485094445,0.024900770116188953,-0.010381889414763812,0.022061721113593835,-0.005054224576026667
MH_03_medium,68,1403637149868318976,1403637150868318976,0.1941555536687188,0.07073151636793984,0.17626119372840976,-0.040316537526610796,0.027126927018911815,-0.013267541901068824,0.018735300875048377,-0.014450986212510286
MH_03_medium,69,1403637150118318976,1403637151118318976,0.17318707244294976,0.06989966882086573,0.1540821942976356,-0.03696587291703646,0.019913274682110182,-0.014599016448187285,0.0023767998770918286,-0.013332593508203261
MH_03_medium,70,1403637150368318976,1403637151368318976,0.17505513093446337,0.08261176703020912,0.14984828418254703,-0.03694707758639637,0.01386497452430382,-0.003261886409300807,-0.0005992227037217024,-0.013462486685741126
MH_03_medium,71,1403637150618318976,1403637151618318976,0.1690336975609215,0.08237443171320269,0.14625279261336388,-0.019923969580290857,0.010016043135565257,-0.0068535378221756815,-0.006221714726605931,0.0038262782536357953
MH_03_medium,72,1403637150868318976,1403637151868318976,0.16672958792571038,0.07927673503157084,0.1455866240019541,-0.017846279285188227,0.014778078101015796,-0.010558450240118589,-0.00782648059878821,0.006756990626266557
MH_03_medium,73,1403637151118318976,1403637152118318976,0.1726494588260477,0.0775109740642348,0.1530322429434423,-0.019519660658933402,0.011862003866925716,-0.010435442253270644,-0.00013460564503309236,0.005638311984800026
MH_03_medium,74,1403637151368318976,1403637152368318976,0.1802865855228341,0.07535495821230853,0.1609038830464311,-0.03057488532903818,0.014503717607003934,-0.009592014238741342,0.009700707293087252,-0.00492416137848295
MH_03_medium,75,1403637151618318976,1403637152618318976,0.1842021181834094,0.08232045386905895,0.1590376748468112,-0.04313677314504205,0.02007066617864175,-0.0019029382535391548,0.008265160155232154,-0.018190590822346975
MH_03_medium,76,1403637151868318976,1403637152868318976,0.18701092296732524,0.08839128799046936,0.15686788767697724,-0.05052258239876517,0.026487104286895817,0.004437180788800177,0.006196290303475793,-0.025366988521057232
MH_03_medium,77,1403637152118318976,1403637153118318976,0.18821648557108928,0.09921313018976186,0.1549078445095896,-0.039821601525732664,0.019590061426398603,0.013813750894428267,0.0026065872154816816,-0.013643917912566028
MH_03_medium,78,1403637152368318976,1403637153368318976,0.1878232955874618,0.11480828971724755,0.1470649174582861,-0.021646178196695454,0.02966554547927695,0.028539543182425575,-0.006527216811243242,0.004788998248124399
MH_03_medium,79,1403637152618318976,1403637153618318976,0.18677697975760835,0.12285277994409949,0.14036730112221574,-0.009479208988408594,0.04260932663955615,0.036890360608740735,-0.013761361072504585,0.016287447690341628
MH_03_medium,80,1403637152868318976,1403637153868318976,0.18050533607315866,0.10897584056358678,0.14319794157411359,-0.01417011126563339,0.02781475257508456,0.022976880461273552,-0.012180919664274592,0.009866540488641773
MH_03_medium,81,1403637153118318976,1403637154118318976,0.17576462402384907,0.08569998018884117,0.15178730181770894,-0.022568373020157795,0.0031346502112594775,-0.0003078101337568029,-0.003103355255417717,0.0003169716504309861
MH_03_medium,82,1403637153368318976,1403637154368318976,0.17533117448642016,0.06591509564851883,0.1598573383250509,-0.029014691038581564,0.02055786339005327,-0.01785296246179069,0.008458645167532253,-0.005687600586518737
MH_03_medium,83,1403637153618318976,1403637154618318976,0.18049591732327364,0.062380377265788045,0.16592070834725237,-0.03402621407230022,0.02766617106472241,-0.020490908748061365,0.016807710726316483,-0.007939807315141323
MH_03_medium,84,1403637153868318976,1403637154868318976,0.18804526189852241,0.07558406021115172,0.16933501904815335,-0.03120451391133061,0.02066494133640178,-0.009451912123804806,0.01808404444580758,-0.0032662660826783263
MH_03_medium,85,1403637154118318976,1403637155118318976,0.19417922895998324,0.079052679263242,0.17567234863508982,-0.024402311075552685,0.023402429890557772,-0.008955604056149813,0.02136751240170659,0.0033015594095608947
MH_03_medium,86,1403637154368318976,1403637155368318976,0.19727437354175456,0.08262635827768694,0.17687110388332367,-0.028402041918734522,0.023429890523818313,-0.010169712772488904,0.020713562115743045,-0.004060179375402262
MH_03_medium,87,1403637154618318976,1403637155618318976,0.1911386537196998,0.08592676988843717,0.16637792596111586,-0.038327025911180757,0.024896180031805663,-0.012130046631639857,0.01500164931421033,-0.015736335874140917
MH_03_medium,88,1403637154868318976,1403637155868318976,0.1865722452529879,0.09426009404288793,0.15591955121842693,-0.04016629081221379,0.023183461775753138,-0.0076492518442039525,0.015126975284462232,-0.01581570311035896
MH_03_medium,89,1403637155118318976,1403637156118318976,0.18278391759719617,0.09738770513370554,0.14607034286006662,-0.05088271177631554,0.02907641055806205,-0.009447895991183675,0.014569412605858763,-0.02332181658021093
MH_03_medium,90,1403637155368318976,1403637156368318976,0.18759672518133216,0.11895839941982356,0.13690043345610914,-0.04795520645105622,0.0210260433145769,0.002282687475035683,0.011832366767923236,-0.01723017504342672
MH_03_medium,91,1403637155618318976,1403637156618318976,0.17683254622583947,0.126315309679649,0.11878228933807894,-0.034712529220051414,0.004357460077238087,-0.002754056969622276,0.0033100983489365854,-0.0006677405582754536
MH_03_medium,92,1403637155868318976,1403637156868318976,0.17262937591611474,0.14656577280619842,0.08497615584740298,-0.03314254981601383,0.0160661341159781,0.006183048497292454,-0.014679542122059963,0.0020980037653427486
MH_03_medium,93,1403637156118318976,1403637157118318976,0.1794658428327534,0.16962671368854654,0.04728367863190308,-0.034626875139540325,0.038562095730404644,0.019861214827800566,-0.03305145710193447,-0.00041055587175509167
MH_03_medium,94,1403637156368318976,1403637157368318976,0.1722998510278897,0.16546433736422728,0.03160682235708867,-0.03619116612293116,0.030278306690719257,0.004857473686458391,-0.029468961264563887,-0.004976055408679847
MH_03_medium,95,1403637156618318976,1403637157618318976,0.16286197646839412,0.1562051255963084,0.028136370603829786,-0.036501051572211174,0.024332414138919747,-0.01617019540824538,-0.016720981872325513,-0.007141423073339315
MH_03_medium,96,1403637156868318976,1403637157868318976,0.1576579209809393,0.1492982396427589,0.03764801503493187,-0.03389222110654566,0.03003061947117147,-0.02979603560113331,0.0022586055207782785,-0.0029888240797694143
MH_03_medium,97,1403637157118318976,1403637158118318976,0.17833620414911203,0.1664872830020645,0.05577828697493059,-0.03121808788261271,0.02361937066865156,-0.009739168799656639,0.0213247356909958,0.0028773094348926165
MH_03_medium,98,1403637157368318976,1403637158368318976,0.2122461771566815,0.200029894773869,0.060174219553483566,-0.03762371878894322,0.0360468831699166,0.028050097162356735,0.022444366769501567,-0.00296988817366195
MH_03_medium,99,1403637157618318976,1403637158618318976,0.22976111567543683,0.21581489746435345,0.06733830735503044,-0.040983565870132965,0.05460364431623059,0.04666498480808112,0.027051940217843295,-0.00849292034139093
MH_03_medium,100,1403637157868318976,1403637158868318976,0.17714907331747512,0.167589833660287,0.04709632170169309,-0.032823441518648466,0.008207879325968575,-0.0007233267438069291,0.00792805766519944,-0.0019979947719221958
MH_03_medium,101,1403637158118318976,1403637159118318976,0.13019757371832363,0.12686132643953307,0.01829957570531393,-0.022863455232007834,0.045358766540977896,-0.04214082599526403,-0.014739961913296629,0.008018853368804035
MH_03_medium,102,1403637158368318976,1403637159368318976,0.15116382594261527,0.14959799949367358,0.012229021411598762,-0.017927405177960876,0.02744458453182915,-0.02242463256818361,-0.008998541152235529,0.01301412046348882
MH_03_medium,103,1403637158618318976,1403637159618318976,0.1593360955317785,0.15835449712669813,0.0025769806418645125,-0.01747008156346297,0.020748151233811945,-0.015221166238799988,-0.004612297230067508,0.013323985597915478
MH_03_medium,104,1403637158868318976,1403637159868318976,0.15949634710682029,0.15715236238431451,0.0021341562529153535,-0.027159991062894906,0.016929873625117966,-0.01627164764851763,0.003754452172364253,0.0027853532361955535
MH_03_medium,105,1403637159118318976,1403637160118318976,0.17045871149016079,0.16562907753974088,0.01271385060503416,-0.03823007976728865,0.020210348992712415,-0.00900523913543605,0.01575242473912919,-0.00890084205898034
MH_03_medium,106,1403637159368318976,1403637160368318976,0.1866857683176866,0.1795712359776509,0.030219312437401502,-0.04114049656523955,0.035812347549611385,0.0044385163036846365,0.03296596279465813,-0.01326910347601895
MH_03_medium,107,1403637159618318976,1403637160618318976,0.196108186069948,0.18994377667782736,0.02551555641610026,-0.041578103922446874,0.039760227484717095,0.017444979054981324,0.03250887373231759,-0.014823006579771425
MH_03_medium,108,1403637159868318976,1403637160868318976,0.18885195003781033,0.18633770453237908,-0.006147591352062776,-0.03009195944526455,0.021460425042452394,0.015698254892239305,0.014033955331710146,-0.004142793029897451
MH_03_medium,109,1403637160118318976,1403637161118318976,0.17151921338857282,0.1557125057038924,-0.07141737641892121,-0.008486134236987242,0.03514938345708261,-0.016012385389958972,-0.027067311519731962,0.015698513261778846
MH_03_medium,110,1403637160368318976,1403637161368318976,0.17601457841792953,0.14589866479213676,-0.09845406871611262,0.0012279172431997054,0.04282550426819504,-0.023539595223011744,-0.026192469387707806,0.024369362321077337
MH_03_medium,111,1403637160618318976,1403637161618318976,0.16544781614127113,0.1309897504165365,-0.10103085807204959,-0.0027259620237096716,0.03981553491802602,-0.03019464240652958,-0.008876861450146656,0.02438773711407549
MH_03_medium,112,1403637160868318976,1403637161868318976,0.19409303857703222,0.1795086898915077,-0.06921569422136109,-0.025650059472735798,0.038647946186598,0.027560684635909993,0.026167880191620085,0.007022425016980027
MH_03_medium,113,1403637161118318976,1403637162118318976,0.22449012503890464,0.21729345904359754,-0.04467636016866727,-0.03440046131857777,0.08552250772178874,0.07190449350091122,0.04629886151942397,0.000508491303792491
MH_03_medium,114,1403637161368318976,1403637162368318976,0.17207054792443321,0.14352823349103971,-0.08973370659311897,-0.030915716957824024,0.003753215862645238,0.0035237236204181954,-0.00042357240457757683,0.001220896218602996
MH_03_medium,115,1403637161618318976,1403637162618318976,0.1688135112784638,0.13626501918124667,-0.09258224001795057,-0.0368561388503611,0.005893037018212161,-0.00010157969114921173,0.0028219718384612236,-0.005172430937895323
MH_03_medium,116,1403637161868318976,1403637162868318976,0.1854593278742295,0.1713764563900213,-0.06577200153568796,-0.02644458932843452,0.05070911992536023,0.03281141373527774,0.03805257244357829,0.006843076992349206
MH_03_medium,117,1403637162118318976,1403637163118318976,0.1854497726712241,0.1741250660016327,-0.05844604316890667,-0.025615222263998705,0.0603997755856439,0.03537436694701057,0.04790856383274189,0.010077527741390035
MH_03_medium,118,1403637162368318976,1403637163368318976,0.1845833250149672,0.17738372304637906,-0.046816567197663694,-0.020352584789483985,0.07395335270432817,0.04202025338191362,0.05916361984981844,0.014250009410407771
MH_03_medium,119,1403637162618318976,1403637163618318976,0.15671881888065373,0.1503640989574091,-0.04366072082216377,0.006720669115699018,0.08033192586671518,0.02247102086736774,0.06764879442769978,0.037039332433408734
MH_03_medium,120,1403637162868318976,1403637163868318976,0.16747662142335473,0.0728948090084387,-0.1492504748848451,-0.02142571561589346,0.046740865823532686,-0.04261235095026095,-0.017681092068868587,0.007501670992350551
MH_03_medium,121,1403637163118318976,1403637164118318976,0.18624923958222658,0.0633746330197269,-0.1736445262102837,-0.022803807835067302,0.0377702311702442,-0.03138025702641123,-0.01858113534761552,0.009829101729234901
MH_03_medium,122,1403637163368318976,1403637164368318976,0.20251545311069988,0.04104070308264518,-0.19625748481427907,-0.028481030414773456,0.04517922921881879,-0.034120391747586964,-0.027733566094625406,0.010383204296979476
MH_03_medium,123,1403637163618318976,1403637164618318976,0.20290913332917432,0.07867313002079435,-0.17952528760512632,-0.052472146053163304,0.023183837333330633,0.014642569917050707,-0.013826633637132879,-0.011485193162812823
MH_03_medium,124,1403637163868318976,1403637164868318976,0.1948493467830751,0.06964700590223671,-0.172151151243346,-0.05898765664302552,0.025018629876912016,0.007527300195294018,-0.01381503126065775,-0.01945293047216512
MH_03_medium,125,1403637164118318976,1403637165118318976,0.19151081137330636,0.06624734408571875,-0.1676773255636781,-0.06459098053337498,0.03206355263659226,0.0022452833653421322,-0.013211021510275867,-0.029129006521745104
MH_03_medium,126,1403637164368318976,1403637165368318976,0.19306719106564088,0.06769081860500492,-0.16492267201964605,-0.07411751207684492,0.043347690427638697,0.0016022959969888007,-0.009103764588831664,-0.04235063616121448
MH_03_medium,127,1403637164618318976,1403637165618318976,0.17333119804717922,0.06754561968355688,-0.15452020372456732,-0.040059956552060405,0.015078291651135093,0.0019524592370263605,0.00804978012670543,-0.012599357997776672
MH_03_medium,128,1403637164868318976,1403637165868318976,0.16560988301364235,0.04917027271096508,-0.15403315899645564,-0.0358148511499663,0.023402259606022834,-0.007355250471324126,0.017390320160262318,-0.013825440676352718
MH_03_medium,129,1403637165118318976,1403637166118318976,0.1659495548383563,0.029226965412206596,-0.16316703932885496,-0.007845796358445845,0.018664849079168943,-0.0126268029636325,0.010639692323430039,0.008702722868648594
MH_03_medium,130,1403637165368318976,1403637166368318976,0.16647844208897322,0.023197576107557794,-0.16477616078719148,-0.005075527493699217,0.009184244858193105,-0.0065137785573323725,0.003942865248424299,0.005135645641402009
MH_03_medium,131,1403637165618318976,1403637166618318976,0.17016035677502106,0.03026762093959867,-0.16736802444270638,-0.005134445890732975,0.0055982221187180475,0.005473516098140507,0.0011730210659953721,-6.880401610209752e-05
MH_03_medium,132,1403637165868318976,1403637166868318976,0.17096091460024299,0.028381346156947984,-0.16854849409504635,-0.003679490394496332,0.003889135438030728,0.002176659088375388,0.0031451764983702057,0.00070384264039558
MH_03_medium,133,1403637166118318976,1403637167118318976,0.17812927549697744,0.035243497641952004,-0.17460225054562217,-0.0014102366622644746,0.0023727410652574104,0.001474206284880708,0.0003582683950337229,0.0018243518710756024
MH_03_medium,134,1403637166368318976,1403637167368318976,0.18879811946090913,0.038856907968018106,-0.18475394022223257,0.0009231400220997554,0.00901946176808308,-0.004311944178954974,-0.00773477817898538,-0.0017120264324420598
MH_03_medium,135,1403637166618318976,1403637167618318976,0.18576182330258567,0.048852963743357236,-0.17870217321674298,0.013651967543342636,0.00492035784811049,0.0013450708355442487,-0.003203727287979574,0.00348379638685814
MH_03_medium,136,1403637166868318976,1403637167868318976,0.17745212351036613,0.045759419454245887,-0.1714459496464684,0.0012720139029288036,0.00930771082768095,-0.0013271800065286499,0.0020113719544883057,-0.008990353549371555
MH_03_medium,137,1403637167118318976,1403637168118318976,0.17102104604963486,0.03509962008120482,-0.1673784887006054,-0.0008101742823162228,0.01237915637726381,-0.01098972321869951,0.005514350577928678,-0.0014357694427817314
MH_03_medium,138,1403637167368318976,1403637168368318976,0.2314374348874012,0.10510400477869375,-0.19581360616294372,-0.06460236906030592,0.08209921996069051,0.058097232129700416,-0.025613133898567564,-0.052047679188563234
MH_03_medium,139,1403637167618318976,1403637168618318976,0.25408232827449967,0.12551322201631976,-0.20916264318161437,-0.07110027663626431,0.10002991790012156,0.07328115269702629,-0.04560891083713137,-0.05055377717590229
MH_03_medium,140,1403637167868318976,1403637168868318976,0.2755970316697203,0.15024161418164894,-0.2158400548009256,-0.08242725263398501,0.12298702943951545,0.09164817537345549,-0.05511658370128669,-0.060733710261860724
MH_03_medium,141,1403637168118318976,1403637169118318976,0.30076622685005616,0.17328240746049595,-0.23101687836657292,-0.08405196242847716,0.14285453957081967,0.109657324102578,-0.06728173444178087,-0.06209556310364476
MH_03_medium,142,1403637168368318976,1403637169368318976,0.18878804392773263,0.07369505263409515,-0.17337466591802864,-0.012295932869424887,0.010034224691502587,0.006150117253982401,-0.00410764891422577,0.0067815148248225494
MH_03_medium,143,1403637168618318976,1403637169618318976,0.1929585776037911,0.08400530809553963,-0.1736591188489136,-0.0043164016577039825,0.01945039538095138,0.014813022085423455,-0.003781734254390212,0.012024589107377578
MH_03_medium,144,1403637168868318976,1403637169868318976,0.17753687160891218,0.07724522893005847,-0.15979554455392542,-0.004230759853343827,0.013588075209819226,0.005063307279419504,0.0072051611435917096,0.010348157333397934
MH_03_medium,145,1403637169118318976,1403637170118318976,0.1697286014879009,0.07723124232978051,-0.15113905088715063,-0.0003473732411716744,0.01572297053415507,-0.004837328361976034,0.0041898838638134706,0.014361647884002949
MH_03_medium,146,1403637169368318976,1403637170368318976,0.1673240646133779,0.09510556373312085,-0.13722017429699962,-0.011085942073103067,0.006640560451904659,-0.00595872222045557,-0.0007464273566482049,0.0028343462766741156
MH_03_medium,147,1403637169618318976,1403637170618318976,0.16121666757694936,0.11191867885209739,-0.11591704851275608,-0.005316116318237585,0.01213397580762622,-0.00995315069781988,0.0009441544095869503,0.006875807773447679
MH_03_medium,148,1403637169868318976,1403637170868318976,0.16719331815165336,0.1313151490762383,-0.10300176711621845,-0.010028620472507188,0.009988015457013869,-0.007303390935463838,-0.004412174206488206,0.005191690705823371
MH_03_medium,149,1403637170118318976,1403637171118318976,0.1808122457408197,0.15663019784634447,-0.08751316149093569,-0.022394104097171796,0.008532723406547066,0.002830846320089897,-0.008049422205252732,-2.1909045025303442e-05
MH_03_medium,150,1403637170368318976,1403637171368318976,0.18585955317190234,0.1687544814777553,-0.07141875527372621,-0.031065412947275384,0.01683523170687085,-0.0011750330283835098,-0.01669777765672098,-0.0017968153307858503
MH_03_medium,151,1403637170618318976,1403637171618318976,0.1780410218153024,0.17064797481593352,-0.04242831858764884,-0.02788748683697545,0.021159277340258454,-0.011570940380975614,-0.017426868599217826,0.003183175629379975
MH_03_medium,152,1403637170868318976,1403637171868318976,0.16529363022868954,0.16459134267927666,0.003684371535376041,-0.014768192699209093,0.021597607735385493,-0.016758334424312515,-0.000931977037816889,0.01359214133297132
MH_03_medium,153,1403637171118318976,1403637172118318976,0.16698399176266898,0.16491993357310442,0.01996219968236934,-0.0169286620581528,0.012354497871348583,-0.009109483997348455,-0.005246504764290005,0.006490385713768587
MH_03_medium,154,1403637171368318976,1403637172368318976,0.1765923215443635,0.17195141466045527,0.010899447583616162,-0.03871383560263747,0.028968548615167598,0.0011148654381125667,-0.02083357311960965,-0.020097166839982916
MH_03_medium,155,1403637171618318976,1403637172618318976,0.1712405401358797,0.16076049914362223,-0.006876764559395898,-0.05858408154367445,0.05453289530888617,-0.01544722344572591,-0.03605988824242701,-0.03788013224015235
MH_03_medium,156,1403637171868318976,1403637172868318976,0.1811275567540149,0.1690544423502942,-0.017328625739997605,-0.06266981783341191,0.05518386286961171,-0.01333515797591378,-0.04134396134840079,-0.03403100267390713
MH_03_medium,157,1403637172118318976,1403637173118318976,0.23365775105501058,0.22247576749534215,0.007577962323347176,-0.07101444918092156,0.05534165806238223,0.04259486667758061,-0.01258413178775486,-0.03301539151609725
MH_03_medium,158,1403637172368318976,1403637173368318976,0.21063136057910217,0.20268873160077394,-0.0006048924537505052,-0.057292951107379475,0.0377965463575455,0.030513110227974316,-0.017369088217018547,-0.013994420148151998
MH_03_medium,159,1403637172618318976,1403637173618318976,0.18549448413911962,0.18049688851531087,0.01696445040142569,-0.03925919389018451,0.014257155795919829,0.010756935654785416,0.007697592087247074,0.0053199532673030014
MH_03_medium,160,1403637172868318976,1403637173868318976,0.17631522015549664,0.17083707362489253,0.04000237423349429,-0.017365517252525775,0.053766878771514974,0.0018900185858798935,0.045762752721646205,0.028161597005732453
MH_03_medium,161,1403637173118318976,1403637174118318976,0.22078487929644242,0.21419064512824182,0.04884971393471771,-0.021955316303539474,0.09089700534987842,0.04345069533408452,0.07544004987023856,0.02613621112817066
MH_03_medium,162,1403637173368318976,1403637174368318976,0.206287458932261,0.20510623180031828,-0.0031360731238843087,-0.021820046626096434,0.060572417553796894,0.031836187266800486,0.04512443657692655,0.02488493866256586
MH_03_medium,163,1403637173618318976,1403637174618318976,0.19620727231205534,0.18879697549334207,-0.046392078458639574,-0.026472076023441593,0.030737626936283523,0.018573100476102056,0.017814328889641295,0.016807478531607634
MH_03_medium,164,1403637173868318976,1403637174868318976,0.17910104708145225,0.16195392302325473,-0.07080525140393057,-0.028891664138232687,0.011197521374450523,0.0012602045935121708,0.0011519435508220432,0.01106658914794828
MH_03_medium,165,1403637174118318976,1403637175118318976,0.17143705904911907,0.13952165400066097,-0.08752780803215154,-0.04757369127383132,0.023055287159401406,-0.015619121189371477,-0.013772463305044003,-0.009894876137951536
MH_03_medium,166,1403637174368318976,1403637175368318976,0.1820917090872214,0.14579511175555382,-0.09126659908083168,-0.05976272917721853,0.027173001776750114,-0.004921818837845926,-0.013984017023137785,-0.022772680843134885
MH_03_medium,167,1403637174618318976,1403637175618318976,0.16779912840942648,0.12648712897751047,-0.09622904516252029,-0.053828659328460565,0.025448402087129778,-0.01536150441916817,-0.006545701217846034,-0.019204143988597794
MH_03_medium,168,1403637174868318976,1403637175868318976,0.1688665979927853,0.11450864447665587,-0.11654394051699257,-0.04267561583091084,0.02073802802922419,-0.0178831227728109,-0.0086540586629269,-0.005947015645858034
MH_03_medium,169,1403637175118318976,1403637176118318976,0.1857299743136791,0.12676071119736498,-0.1333576273502266,-0.02535919326035871,0.01844411005235311,-0.002354235299477203,-0.011968616796213638,0.013834557591892893
MH_03_medium,170,1403637175368318976,1403637176368318976,0.19124561219988104,0.12948160782092888,-0.13999389834941312,-0.014529481984869558,0.02769296194687159,0.0005609589613886357,-0.014409291386541678,0.023642288133178896
MH_03_medium,171,1403637175618318976,1403637176618318976,0.18434142968623274,0.13817496497963067,-0.12060531587043699,-0.01854183204093493,0.020342608887892178,0.01184420517838003,9.128802282010184e-05,0.016538688175156913
MH_03_medium,172,1403637175868318976,1403637176868318976,0.1701454041192584,0.131485040325523,-0.10563617091397726,-0.022408527576222748,0.015316781830568671,0.006785856201415363,0.011057912317014418,0.008141163089397732
MH_03_medium,173,1403637176118318976,1403637177118318976,0.1712953421433861,0.13428331688302997,-0.10077194246390883,-0.03398677182319776,0.020806334825349194,0.00958121206560314,0.017444246098282712,-0.006066483518565591
MH_03_medium,174,1403637176368318976,1403637177368318976,0.18375617210042208,0.14620855883804218,-0.10509056404747519,-0.036679169233861025,0.03271699979750454,0.024796261111008633,0.01857918459803931,-0.010505303914526781
MH_03_medium,175,1403637176618318976,1403637177618318976,0.1965486264828841,0.1566693286506009,-0.11391902948214827,-0.033294725623193355,0.04471770587821333,0.04067908322873315,0.016601078326672125,-0.008324037786548888
MH_03_medium,176,1403637176868318976,1403637177868318976,0.19072380157395985,0.13978308151096996,-0.12825278716009825,-0.019684542051754184,0.02695985875905523,0.025305409366467302,0.00917786066131443,0.0014956987615202255
MH_03_medium,177,1403637177118318976,1403637178118318976,0.1862778820225677,0.1261620279650124,-0.13663691953061163,-0.010627523312335851,0.015182465736688905,0.013690734014033978,0.0026550716948439135,0.0060018049200173396
MH_03_medium,178,1403637177368318976,1403637178368318976,0.1992457461041824,0.12654874172226016,-0.15375485676051093,-0.00661266449169895,0.022036492042748095,0.01726462746601598,-0.013300381569399944,0.0032618200621973292
MH_03_medium,179,1403637177618318976,1403637178618318976,0.2359679964559092,0.15887848566376483,-0.17265906782411555,-0.025047324062907772,0.06608579006275321,0.05533925199887335,-0.02704430352754761,-0.02394795363143498
MH_03_medium,180,1403637177868318976,1403637178868318976,0.2416996431157938,0.1488725323614677,-0.1889771444237447,-0.02330934310599464,0.07157716350939115,0.05495966621580628,-0.03585313568520532,-0.028588075958964676
MH_03_medium,181,1403637178118318976,1403637179118318976,0.17150607903742437,0.004966689080170283,-0.17140430938966766,-0.0031984166431625605,0.0766168584502721,-0.07498422859604226,-0.013425223626972516,-0.008201940697864618
MH_03_medium,182,1403637178368318976,1403637179368318976,0.1678777173312737,-0.012611289763995615,-0.16738911209299467,-0.002183689439100356,0.08535166701004675,-0.08492504247804078,-0.008392484012794965,0.0014867527003012415
MH_03_medium,183,1403637178618318976,1403637179618318976,0.19151256758489488,-0.02610708957550756,-0.18898507387451352,-0.016736943254370695,0.10245891145304827,-0.09926792266117879,-0.025166104934179173,-0.0032210602477592
MH_03_medium,184,1403637178868318976,1403637179868318976,0.20927149758956026,-0.04808817948818778,-0.20169513038198764,-0.028304788942547843,0.13070938953517294,-0.12350651190138784,-0.041364117214962366,-0.010958824646684462
MH_03_medium,185,1403637179118318976,1403637180118318976,0.1936726399925568,0.08082504569649629,-0.1704872531555526,-0.04370926653834761,0.03504816086158439,0.006128568683765323,-0.019983188184789002,-0.02813336836639324
MH_03_medium,186,1403637179368318976,1403637180368318976,0.19138400745270367,0.058831824975555946,-0.1713503004258567,-0.06169059265942212,0.05625531914017689,-0.01530883022909535,-0.023924270118004798,-0.0485585208578333
MH_03_medium,187,1403637179618318976,1403637180618318976,0.21563245152586344,0.05373201219783752,-0.1903923944456951,-0.08579604392662943,0.08195293576515453,-0.021736291114294204,-0.03130197836613957,-0.07255345256766166
MH_03_medium,188,1403637179868318976,1403637180868318976,0.1891991133642517,0.06214063559722227,-0.17474813131171274,-0.037388989133922745,0.026992584780579663,-0.014488852827401644,-0.0034734750398113245,-0.022507948552244472
MH_03_medium,189,1403637180118318976,1403637181118318976,0.20500342078445793,0.08182638352889704,-0.18160674413493805,-0.048475106772636556,0.03301844415880142,0.003696434278312566,-0.010119398776329058,-0.031211404913903396
MH_03_medium,190,1403637180368318976,1403637181368318976,0.18524269304336083,0.11465292951660899,-0.1452844136103757,-0.00787402318421615,0.04434560467124051,0.03680005044062007,0.023764028194983133,0.006896368984749435
MH_03_medium,191,1403637180618318976,1403637181618318976,0.1734638422544344,0.09966597977041047,-0.14181449860021367,-0.006711559643288956,0.03701852828958541,0.024612373912290764,0.026873867620804237,0.006511353640212936
MH_03_medium,192,1403637180868318976,1403637181868318976,0.16595448378549837,0.07186016223825398,-0.14942045673240978,-0.007108789030567497,0.021822269115216685,0.0002494377118456015,0.020437199077636414,0.007646574659669947
MH_03_medium,193,1403637181118318976,1403637182118318976,0.16724554806531,0.057715715971554005,-0.1569170128922952,-0.004125596019496247,0.021097605468972845,-0.010966576689188656,0.009470932982252656,0.015334424693814103
MH_03_medium,194,1403637181368318976,1403637182368318976,0.16045779775012808,0.041188087864501455,-0.15503092583958678,-0.003957058277011732,0.031867922423193175,-0.02512036253322414,0.007083359508005316,0.01828545552756064
MH_03_medium,195,1403637181618318976,1403637182618318976,0.14967158053476218,0.02996575350295494,-0.1465534999481437,-0.005070235667440165,0.04235302436919014,-0.03366738229420463,0.013884033175171062,0.021622203066844044
MH_03_medium,196,1403637181868318976,1403637182868318976,0.17344692904626685,0.041840021179934794,-0.16457767130027623,-0.03531911568289286,0.023183418345841034,-0.022597743357852806,-0.0024001288241377594,-0.004588274507746994
MH_03_medium,197,1403637182118318976,1403637183118318976,0.16366285604873199,0.04792670866041604,-0.15061137452837148,-0.042482642451737725,0.023064814345755805,-0.018943178217057266,0.009239048441745723,-0.009369185862819984
MH_03_medium,198,1403637182368318976,1403637183368318976,0.15889688950387945,0.04967831820501267,-0.14180640123463384,-0.051683950731456506,0.02739009282585057,-0.01854360740164651,0.011486639120100506,-0.016565292972564302
MH_03_medium,199,1403637182618318976,1403637183618318976,0.16697318205200062,0.024811919429687634,-0.15441230993184796,-0.058491458524268,0.04730922987207563,-0.042900844034294394,-0.004350880593058548,-0.019461517163340228
MH_03_medium,200,1403637182868318976,1403637183868318976,0.1901443308412535,-0.0007145863459729895,-0.182356473827193,-0.05385603374492498,0.07551861957811125,-0.068800477687458,-0.029776189195186653,-0.009106850716550229
MH_03_medium,201,1403637183118318976,1403637184118318976,0.21570314249412742,-0.027791273046129383,-0.20890372854364792,-0.04598611774089201,0.10897454410046026,-0.09717654051931479,-0.04914818521575448,0.004077637134300011
MH_03_medium,202,1403637183368318976,1403637184368318976,0.17908341721052018,0.050198286695323446,-0.1652109069873977,-0.0475011425657612,0.020592349828143796,-0.019503663149902373,-0.0008586515305468723,0.0065509322030443545
MH_03_medium,203,1403637183618318976,1403637184618318976,0.20573343066774616,0.18007108846648645,-0.08838151695271357,-0.045709463505409165,0.1327597388320384,0.11036834327128897,0.07345958031224686,0.006904137791971229
MH_03_medium,204,1403637183868318976,1403637184868318976,0.18818833298493995,0.16253109522186282,-0.09376183810239436,-0.014394772429350527,0.11684109375761656,0.0926248123954787,0.06409976427710173,0.031043607051992383
MH_03_medium,205,1403637184118318976,1403637185118318976,0.18288149356736977,0.1420498360772493,-0.11367524494599612,0.018585570917415972,0.10225274469130304,0.07156157899303306,0.04895854196593019,0.05419986510591093
MH_03_medium,206,1403637184368318976,1403637185368318976,0.18289722014941467,0.09575751305742042,-0.15291005581499562,0.03000677693615783,0.06768624226695608,0.02573155112575254,0.02022982273351026,0.05924583479920428
MH_03_medium,207,1403637184618318976,1403637185618318976,0.2052364621686045,0.061866959163110025,-0.192775330122962,0.033647538741758354,0.06324642420732951,-0.007654087887972949,-0.016368089716821466,0.060610318862704765
MH_03_medium,208,1403637184868318976,1403637185868318976,0.20109162303856545,0.06102280186622533,-0.18902055798342232,0.031389284291228975,0.05909822662485352,-0.007458165016821283,-0.016448481382447255,0.05627098386376139
MH_03_medium,209,1403637185118318976,1403637186118318976,0.18676759215916852,0.057526478622444976,-0.17752715412071662,0.007546342692603215,0.034219753503197656,-0.008979910101274413,-0.012500043509961367,0.03056307668808412
MH_03_medium,210,1403637185368318976,1403637186368318976,0.19022401829805688,0.01910934793463337,-0.18903023565474575,-0.009358416921888435,0.054740229597666945,-0.0457604324218579,-0.02750390264698388,0.012083497016803613
MH_03_medium,211,1403637185618318976,1403637186618318976,0.18930939839597832,0.040948723475311866,-0.18384139182829928,-0.019068115203748348,0.03144189861491393,-0.02486578224767033,-0.019134534330230046,0.0020384939752711717
MH_03_medium,212,1403637185868318976,1403637186868318976,0.19260034806216722,0.08305686292068959,-0.1692544552148172,-0.03936217709143114,0.02453373921507671,0.016794261382776732,-0.0031005599601585665,-0.01761373533393268
MH_03_medium,213,1403637186118318976,1403637187118318976,0.18937623259249922,0.08186270130926765,-0.16683674328707454,-0.03643290675530553,0.021062485739843432,0.01696930083467052,-0.005881867589190293,-0.011003398038187617
MH_03_medium,214,1403637186368318976,1403637187368318976,0.18891238962541582,0.06615831660182092,-0.17153858547646006,-0.043422134806263835,0.02004421956613488,0.003326651323407148,-0.015644111437349784,-0.012081635084858322
MH_03_medium,215,1403637186618318976,1403637187618318976,0.19004230818063844,0.06232212402279913,-0.17505204937593322,-0.03985990172087028,0.01934668612877785,-0.00014029818264926774,-0.0186039129858232,-0.005307447804859644
MH_03_medium,216,1403637186868318976,1403637187868318976,0.1893063589965667,0.07431719501576772,-0.17258281116830648,-0.023000551531865643,0.020799535596036815,0.01137798492859865,-0.013742654558787148,0.010691191965970459
MH_03_medium,217,1403637187118318976,1403637188118318976,0.18449290988157113,0.07316347522661548,-0.16836782315379611,-0.01835799051601189,0.01690832254000039,0.011917879656459185,-0.005785755840460871,0.010506214587824414
MH_03_medium,218,1403637187368318976,1403637188368318976,0.17269762997072016,0.05506515426693248,-0.16210363437522907,-0.022687263065534535,0.0036207547650416987,-0.0014392718439557584,0.0024402450644702423,0.0022546763965360928
MH_03_medium,219,1403637187618318976,1403637188618318976,0.17407631070980173,0.02642803921646486,-0.169463532573296,-0.029769645971826297,0.029629762871924255,-0.028128580903775458,-0.006301778216021334,-0.006855171442225111
MH_03_medium,220,1403637187868318976,1403637188868318976,0.17074436864070103,0.02667242273290782,-0.16369771296823232,-0.04056205193328967,0.03242119799299434,-0.026502176054576054,-0.0024680366183915947,-0.018511551499630546
MH_03_medium,221,1403637188118318976,1403637189118318976,0.18673695084199865,0.05668322980044671,-0.1714301344793654,-0.04763831715692175,0.02510159301724487,0.0060936160158533426,-0.0074045147451923254,-0.023197650252621743
MH_03_medium,222,1403637188368318976,1403637189368318976,0.21753726959390682,0.10869978485490961,-0.18009775228673797,-0.05542219822537915,0.06893152688702313,0.062179279582665004,-0.011527465779534785,-0.02743009519230339
MH_03_medium,223,1403637188618318976,1403637189618318976,0.20218701636016656,0.08964297098997331,-0.1778045139201384,-0.035061120437606896,0.05155308078911674,0.05095885528908983,-0.006036401523087265,-0.004947429951688884
MH_03_medium,224,1403637188868318976,1403637189868318976,0.17994229761090172,-0.005982291975723086,-0.17984216649617712,0.00048764963737912836,0.04717532401144084,-0.03601692991994909,-0.004731913089448203,0.030098188537515197
MH_03_medium,225,1403637189118318976,1403637190118318976,0.17129970976090156,0.009536168835564851,-0.17019458464259452,0.016924993543379757,0.048758070647744935,-0.01595227946119948,0.008568763164789273,0.0452708574152073
MH_03_medium,226,1403637189368318976,1403637190368318976,0.1838629542981208,-0.013407788851800717,-0.1831044495743892,0.009928630691004081,0.054378147801506106,-0.03989530806570052,-0.001772547546554648,0.03690806724634193
MH_03_medium,227,1403637189618318976,1403637190618318976,0.18588566769560586,-0.006851313674957282,-0.18297581246569194,-0.03203736893205309,0.03546981421358708,-0.03450309735768187,-0.003815209333374092,-0.007286162969303241
MH_03_medium,228,1403637189868318976,1403637190868318976,0.190559809659595,0.01566470645881779,-0.1759960481697862,-0.07136560136142926,0.04960886666673426,-0.012653260015479617,-0.0022835154537752533,-0.047913674667164195
MH_03_medium,229,1403637190118318976,1403637191118318976,0.19687971673728885,0.043227325206656175,-0.16901713739405788,-0.09124816976329575,0.06998671622251001,0.014310696125921396,-7.338440681636804e-05,-0.06850794872662967
MH_03_medium,230,1403637190368318976,1403637191368318976,0.1817263988469221,0.04329633422073087,-0.1648774901359138,-0.06297082441416046,0.041791170183027436,0.012589531568634627,0.000818892203970023,-0.03984137316543433
MH_03_medium,231,1403637190618318976,1403637191618318976,0.16280380290773933,0.030390593823794276,-0.1550185741226251,-0.039379331193500205,0.02084168447539685,-0.0049521697673018394,0.012621387602981482,-0.015828847126153095
MH_03_medium,232,1403637190868318976,1403637191868318976,0.17093101682642742,0.05512242784028665,-0.1610217566921972,-0.015840591342107517,0.018429654296286423,0.012531117619339227,0.011248763158206998,0.007489230674874392
MH_03_medium,233,1403637191118318976,1403637192118318976,0.17305653949924926,0.06445716247248257,-0.16059926379244205,0.0013101674613623104,0.03293020311187219,0.0183504782565187,0.017487373249930993,0.0210202283899055
MH_03_medium,234,1403637191368318976,1403637192368318976,0.17279257801950648,0.056886472332205784,-0.16246337751379336,0.01506171474418097,0.03679834898483125,0.010798419022600925,0.018811072350743085,0.02972635516905614
MH_03_medium,235,1403637191618318976,1403637192618318976,0.17591361700458935,0.06266297600106618,-0.16410779917613683,0.009358543470642022,0.030704393509239154,0.01891664408836391,0.014008909651154422,0.019714735798132488
MH_03_medium,236,1403637191868318976,1403637192868318976,0.17820254391162163,0.06532709302069861,-0.16565615956442103,-0.006823076461941635,0.026067482366911275,0.024814028389284815,0.007558392587370122,0.0025784362587013554
MH_03_medium,237,1403637192118318976,1403637193118318976,0.18482572897005026,0.06150523093849891,-0.17421788201896238,-0.005078015492227084,0.024939718786361083,0.023689422772092072,-0.002238335186892204,0.0074693157289659196
MH_03_medium,238,1403637192368318976,1403637193368318976,0.18280407890936762,0.046266646766845554,-0.1768115649640154,-0.0037946222249392036,0.01767543555728198,0.010229781446509989,-0.0028074013134467,0.014138284604630291
MH_03_medium,239,1403637192618318976,1403637193618318976,0.1874160407733437,0.048786603191725675,-0.1809187429873731,0.003612218713972659,0.03156026914405286,0.012945769643984306,-0.00866702454754309,0.02744704578387691
MH_03_medium,240,1403637192868318976,1403637193868318976,0.1864229663439855,0.05675317556549864,-0.177445727373446,-0.00675376048073395,0.027542420681519693,0.019512375270439364,-0.006201941826331492,0.018422488048202124
MH_03_medium,241,1403637193118318976,1403637194118318976,0.1878380532828975,0.0744731825413858,-0.17034118675763477,-0.026846963278305047,0.035359742231179464,0.03520657690038753,-0.0012461282648641436,-0.0030422817029430727
MH_03_medium,242,1403637193368318976,1403637194368318976,0.17976817207212065,0.08205953109337294,-0.1547774318487969,-0.04033330679696834,0.049226689250589616,0.04251959710780007,0.013053207992363536,-0.021094183024534807
MH_03_medium,243,1403637193618318976,1403637194618318976,0.1619529426193928,0.05271277078151648,-0.1493089364591409,-0.034014128138993516,0.028389081581540822,0.013619902092260716,0.018958496064732877,-0.01615591678005679
MH_03_medium,244,1403637193868318976,1403637194868318976,0.16456981911450702,0.04061026268838219,-0.15851559208482668,-0.017516820309604997,0.01466608815656021,0.0015375911548023424,0.014568680199995354,0.0006953506215806593
MH_03_medium,245,1403637194118318976,1403637195118318976,0.17375208914866172,0.05859808383117482,-0.1627433861304901,-0.016451240853543436,0.023420976599434137,0.019628329580481108,0.01260806702375561,0.0020754442116660554
MH_03_medium,246,1403637194368318976,1403637195368318976,0.1692074064571128,0.06574089674436046,-0.15548384888943723,-0.01157815312200361,0.03227716296866946,0.027744141678383016,0.014360683410634678,0.008114716496303465
MH_03_medium,247,1403637194618318976,1403637195618318976,0.17009273929025895,0.051556604405119444,-0.16150180298211747,-0.013806669946201167,0.017254218197056536,0.014496698280186848,0.006023537958855685,0.0071603613751743955
MH_03_medium,248,1403637194868318976,1403637195868318976,0.17423873429487083,0.04871605937964674,-0.16689116408087012,-0.011542159197022395,0.016408468274330127,0.011562848746796917,0.00482264717577463,0.01059624623092481
MH_03_medium,249,1403637195118318976,1403637196118318976,0.17010006406629083,0.0318115194617512,-0.1668554218881606,0.009018160090329186,0.03239276035791833,-0.007793343434977729,0.007857961965756055,0.030443507607612275
MH_03_medium,250,1403637195368318976,1403637196368318976,0.15802138445484254,0.02886595240864942,-0.15495400892013073,0.011259212057101897,0.03644816147024825,-0.015201060832010782,0.01619315158648016,0.02889944750060236
MH_03_medium,251,1403637195618318976,1403637196618318976,0.15134754415736817,0.04653591672266799,-0.14401494326172593,-0.00042859604440725896,0.02336318326466725,-0.0026558544477026658,0.020630256048785933,0.01063848225888342
MH_03_medium,252,1403637195868318976,1403637196868318976,0.15016698526730993,0.05330071638579703,-0.13979488184227334,-0.012905351902917639,0.024841879251236147,0.0028721669738409616,0.023339630711026182,-0.008008199540489591
MH_03_medium,253,1403637196118318976,1403637197118318976,0.15571434887971675,0.044244358457769195,-0.1482111112697747,-0.017968352397285448,0.02383090172959486,-0.00549923232269478,0.017923992366304264,-0.014710568267721769
MH_03_medium,254,1403637196368318976,1403637197368318976,0.17191003578191336,0.033355152292559254,-0.1661397227572763,-0.028949727808984305,0.02756899392901951,-0.01567884153447352,0.005474443973240151,-0.022005767825255207
MH_03_medium,255,1403637196618318976,1403637197618318976,0.19134065471758005,0.034759835254579485,-0.18188739871413095,-0.04816611038721552,0.03832445859322664,-0.015523029609372685,-0.005866267175897333,-0.0345454278831725
MH_03_medium,256,1403637196868318976,1403637197868318976,0.1953590461556316,0.03388692317310138,-0.18590121889055644,-0.0495738859451621,0.03988761186626154,-0.023523425020449906,-0.010094706305064705,-0.03059030827427678
MH_03_medium,257,1403637197118318976,1403637198118318976,0.2012853769684577,0.05984596929049246,-0.1856243317361561,-0.04977821218686962,0.03790335555974638,-0.015922640602314075,-0.02012617614023915,-0.027893922508499314
MH_03_medium,258,1403637197368318976,1403637198368318976,0.19799190429092847,0.1153714404016668,-0.1581486517448245,-0.029651793464932852,0.019036948194495012,0.011845927512997179,-0.011504622293860844,-0.009472225915396204
MH_03_medium,259,1403637197618318976,1403637198618318976,0.20531700546621437,0.15553821897215236,-0.11813240285714777,-0.06330616532203504,0.05383013968119303,0.02617481265156485,0.0013792530960716753,-0.04701766457034218
MH_03_medium,260,1403637197868318976,1403637198868318976,0.22422862072583133,0.19525356284761308,-0.0747964061649351,-0.08099393911109631,0.08717220970554154,0.052240620434954366,0.01413877349482906,-0.06833744804702513
MH_03_medium,261,1403637198118318976,1403637199118318976,0.23533689590820175,0.20934491291505886,-0.04766022920782431,-0.09636734179249662,0.10598263935844816,0.059428914453853565,0.017711439209917135,-0.08594666307270371
MH_03_medium,262,1403637198368318976,1403637199368318976,0.22721351813214447,0.18112379806457835,-0.057481885010946865,-0.12456317871761491,0.11596098321218427,0.021067045508867288,-0.0009418199158823803,-0.11402737476724545
MH_03_medium,263,1403637198618318976,1403637199618318976,0.12338943409500547,0.07391212991310248,-0.09844375582914511,-0.008412873245569497,0.10501379689277544,-0.09601731249957535,-0.042037824440274374,0.006433860001947123
MH_03_medium,264,1403637198868318976,1403637199868318976,0.12081480847386217,0.010676373655755356,-0.12018017866865005,-0.006241606148263523,0.17623467702705747,-0.16024408112391697,-0.07190734173367597,0.014485511947429197
MH_03_medium,265,1403637199118318976,1403637200118318976,0.12098750979551524,0.10349122955353174,-0.06184651770931415,-0.010126755613205418,0.07140352538473518,-0.061123093981914955,-0.03324513007039176,0.01603721129277924
MH_03_medium,266,1403637199368318976,1403637200368318976,0.24002758758136733,0.23429314891665776,0.021249286966674497,-0.04762804818860111,0.07798996454026223,0.07236256905611516,0.025708879358729675,-0.013606861897903166
MH_03_medium,267,1403637199618318976,1403637200618318976,0.1871118487501731,0.1808163297924752,0.033884476132088004,-0.034178079237143444,0.019140834729204432,0.014808572406336928,0.010283707307178425,0.0064283047094300105
MH_03_medium,268,1403637199868318976,1403637200868318976,0.17231672331515188,0.16355766171213215,0.05260519064350744,-0.013215080275601143,0.028145569774136167,-0.007074253057472113,-0.0038563050859505843,0.026967702028049878
MH_03_medium,269,1403637200118318976,1403637201118318976,0.1759867368765962,0.15433704852716623,0.0845459628144134,0.0018404293464454602,0.03971086944954161,-0.014127111608899234,0.0018153754346732498,0.03706861586381971
MH_03_medium,270,1403637200368318976,1403637201368318976,0.17764005840824793,0.13743722836506667,0.1074892554781619,0.03336253238836484,0.07471624745589672,-0.026352981373389817,0.01686766339383805,0.06784924419812455
MH_03_medium,271,1403637200618318976,1403637201618318976,0.21388587898679048,0.1668674443880782,0.1328109523415848,-0.016238108617227964,0.05147770206012718,0.00837072082057011,0.04548672428621492,0.02260183081179845
MH_03_medium,272,1403637200868318976,1403637201868318976,0.19023841992435914,0.1577400404463316,0.10196256027974826,-0.030205502089936775,0.027901019655398172,0.0007097786919514348,0.02394777895864264,0.01429919560560522
MH_03_medium,273,1403637201118318976,1403637202118318976,0.16509168832910462,0.14753639931906282,0.062261565013617126,-0.040146904654971616,0.01643666338268694,-0.011312875601870331,-0.005421754486178987,0.010620137808143859
MH_03_medium,274,1403637201368318976,1403637202368318976,0.17910964337776375,0.1671042659201909,0.03431123248898249,-0.05458175507686458,0.02522495921987552,0.0039831107756866935,-0.024888594179485413,0.0009956284256068537
MH_03_medium,275,1403637201618318976,1403637202618318976,0.18788670071572405,0.17811359813567051,0.024961877424670487,-0.05434945391115409,0.032579976393171006,0.012280130566984848,-0.030056302487591724,-0.0026966527050719113
MH_03_medium,276,1403637201868318976,1403637202868318976,0.18539626682831792,0.1798362378097078,0.024823367684079223,-0.03760988887444472,0.03338806856533086,0.012189186435219934,-0.030579780732365558,0.005573496831534852
MH_03_medium,277,1403637202118318976,1403637203118318976,0.17535917449256477,0.17133903138865403,0.033096453108588,-0.01727429284059523,0.029704094021610585,0.006005060538689655,-0.023581676673250396,0.017034581733920917
MH_03_medium,278,1403637202368318976,1403637203368318976,0.1580784398625722,0.1545934944654901,0.032196187163826995,-0.00728355342159015,0.03280466981331786,-0.009639392492760024,-0.02468270725381405,0.01933888405658002
MH_03_medium,279,1403637202618318976,1403637203618318976,0.16399866683317696,0.15856611747970728,0.040999105833186444,-0.008451179287544686,0.022064829785665048,-0.0034302273298507657,-0.016788945505967323,0.013900415919445575
MH_03_medium,280,1403637202868318976,1403637203868318976,0.16598210399909474,0.1544083561569236,0.05838822129374499,-0.017289708240326163,0.008733688772182342,-0.008461010625189225,0.0009762680994112038,0.0019327491735481317
MH_03_medium,281,1403637203118318976,1403637204118318976,0.1710305057430723,0.15175307941897032,0.07547546624477874,-0.022932308578161975,0.02254154221243901,-0.012079054775455234,0.018525514075812044,-0.004361523733010242
MH_03_medium,282,1403637203368318976,1403637204368318976,0.17358545683439544,0.15499217013888344,0.07529907895219967,-0.020961553592125926,0.0227791109326237,-0.012833613200988303,0.01862819254193049,-0.0026789381681854296
MH_03_medium,283,1403637203618318976,1403637204618318976,0.1791090679670807,0.16315306950745612,0.0723105432214517,-0.015242029961592851,0.019237516367288255,-0.009933172451636274,0.016096556019119745,0.0035092741914928283
MH_03_medium,284,1403637203868318976,1403637204868318976,0.1755374059908267,0.16375237685360577,0.06244409733887579,-0.009963668215873356,0.016717566400898397,-0.011570207490604112,0.006873908354592784,0.009917495093292206
MH_03_medium,285,1403637204118318976,1403637205118318976,0.16145868451806086,0.14838750708898196,0.061550538573677205,-0.01617361269198403,0.023980737687828393,-0.02240477539065555,0.007206163448063796,0.004601415880628235
MH_03_medium,286,1403637204368318976,1403637205368318976,0.16790816292150124,0.15389645830765453,0.06440396547842653,-0.019004223916997853,0.01688978605653608,-0.01234262674129738,0.01129732190764643,0.0023010771120463014
MH_03_medium,287,1403637204618318976,1403637205618318976,0.169439467913453,0.15922031201382314,0.05522320825967508,-0.017579044300627622,0.009217098859980623,-0.00785851404424509,0.0033864724207575136,0.003424977803505813
MH_03_medium,288,1403637204868318976,1403637205868318976,0.17569679739911123,0.16905249435910719,0.0446394263047456,-0.01726094975520076,0.00811277086467033,0.0010853939924038158,-0.007178165819317739,0.0036211747340160194
MH_03_medium,289,1403637205118318976,1403637206118318976,0.1825548165795314,0.17461251967859948,0.0483330088424434,-0.022375193498903156,0.00991315347595071,0.007916836966270324,-0.005782898491920596,-0.0014671023547768725
MH_03_medium,290,1403637205368318976,1403637206368318976,0.18254861235369296,0.17071464806621695,0.0591348813052206,-0.02614518351253292,0.0061217277247422545,0.003812669333877139,0.0005088531969865695,-0.004762370345773981
MH_03_medium,291,1403637205618318976,1403637206618318976,0.1861646130769254,0.16850169076789978,0.07396531860573563,-0.028170463503329635,0.013519600384025872,-0.001998463534500061,0.012261742947355048,-0.005332485155911337
MH_03_medium,292,1403637205868318976,1403637206868318976,0.18958454300346111,0.16330852103155635,0.09341522181685114,-0.023371397844917374,0.03163291149339285,-0.005590164235481865,0.031106022859056726,0.001344059247579965
MH_03_medium,293,1403637206118318976,1403637207118318976,0.18784344405979872,0.1568583484135715,0.10150843973308987,-0.01940759315749918,0.04043351895833475,-0.008595313775292546,0.038961144386538304,0.006558907267952274
MH_03_medium,294,1403637206368318976,1403637207368318976,0.18049121013665625,0.15320745809841974,0.0919393705955327,-0.025528491026945987,0.031261040169037135,-0.009773541743474112,0.029693935645010106,-2.6460323523158635e-05
MH_03_medium,295,1403637206618318976,1403637207618318976,0.16967223756380162,0.14794467468105044,0.07711868542336142,-0.03088283976576489,0.02196049336420795,-0.014100930298497794,0.01572253950596081,-0.006019035221680458
MH_03_medium,296,1403637206868318976,1403637207868318976,0.16742185473922586,0.15122479740634098,0.06590792900966402,-0.028588161665113354,0.013127367006466367,-0.011569017349191135,0.005434358981980747,-0.0029922139882604393
MH_03_medium,297,1403637207118318976,1403637208118318976,0.17539351174755227,0.1625718468139974,0.05343554211805346,-0.038443743641516814,0.014727731981406013,-0.006380606232209374,-0.006514187362363089,-0.01156543628375728
MH_03_medium,298,1403637207368318976,1403637208368318976,0.18252889788793028,0.17391940313920617,0.0421393274616082,-0.03595993405122033,0.01975867761373009,0.0007869004612492958,-0.017509010088161636,-0.009122537719300383
MH_03_medium,299,1403637207618318976,1403637208618318976,0.1817348624069332,0.17418902353306986,0.041993023210843416,-0.030369891278635652,0.017760188394121364,0.0056067339505947444,-0.01643846593144138,-0.003710210778752665
MH_03_medium,300,1403637207868318976,1403637208868318976,0.17385389663908307,0.1671616269388796,0.04017899210425613,-0.025842144826348057,0.0173596986056699,0.004561915274400974,-0.01674851336193761,-0.00018805550744871447
MH_03_medium,301,1403637208118318976,1403637209118318976,0.16992628731897821,0.16139094627390893,0.04238742597190859,-0.03211248514674858,0.015345120976731796,0.0014206958133389236,-0.01371303109191313,-0.006738481985485989
MH_03_medium,302,1403637208368318976,1403637209368318976,0.17665328919586326,0.16809787487093697,0.05070990998915592,-0.019442069758228375,0.008909033294367928,0.005364733035514213,-0.006340496848563415,0.0032231372001787495
MH_03_medium,303,1403637208618318976,1403637209618318976,0.18044546291542646,0.173243264263375,0.049750523013244674,-0.008498348900908836,0.01475566947454345,0.004934429515407679,-0.00847830185553089,0.01102268500166581
MH_03_medium,304,1403637208868318976,1403637209868318976,0.1918078488396087,0.18142415939632528,0.06162265119435806,-0.008841613178227736,0.012099776146492146,0.008068898891329113,0.0005109088443111531,0.009002023418628324
MH_03_medium,305,1403637209118318976,1403637210118318976,0.18959032611988993,0.17359889551678354,0.07270930767596251,-0.022831377770106576,0.008884704571054966,0.0046921437597795546,0.006233333576924016,-0.004250566405936795
MH_03_medium,306,1403637209368318976,1403637210368318976,0.19486605413962038,0.1692956530825045,0.08967021649377438,-0.0356512717483316,0.026017284865770707,0.010433349369875167,0.017587328276646108,-0.016085092999490902
MH_03_medium,307,1403637209618318976,1403637210618318976,0.19342280090497074,0.16509437166764762,0.09395443240033985,-0.03645261288191215,0.028094457564759538,0.009291727261469873,0.02031387569788401,-0.017038450765473057
MH_03_medium,308,1403637209868318976,1403637210868318976,0.18566728685489858,0.1662302559338893,0.07757569113686702,-0.02866802338582619,0.012740799315523748,0.008132179089771707,0.003893371059489281,-0.009002071552896118
MH_03_medium,309,1403637210118318976,1403637211118318976,0.1746938796670113,0.15510056907183545,0.07518652375861268,-0.02843856029760644,0.007971770002997695,-0.003192126318340982,0.0032936976066355594,-0.006520046213370878
MH_03_medium,310,1403637210368318976,1403637211368318976,0.18657468174470107,0.1634005309646307,0.08512536601864884,-0.029394734372066078,0.017547233720019734,0.008877279827761875,0.014883264917953554,-0.002754585171422852
MH_03_medium,311,1403637210618318976,1403637211618318976,0.19111848433449413,0.16697327357445335,0.08640447258120743,-0.034357940626708244,0.020817935288373543,0.014202802845373785,0.014702689423838677,-0.00393671750478658
MH_03_medium,312,1403637210868318976,1403637211868318976,0.20441480522735908,0.1790933148528837,0.0895475722069663,-0.04113671696894593,0.030029850100759328,0.02425465934312454,0.015309490174371998,-0.00889510583545039
MH_03_medium,313,1403637211118318976,1403637212118318976,0.21886222722060042,0.19547897948897353,0.08916282268460218,-0.04169693193540004,0.03774023607975136,0.03389783160974291,0.013530688198297725,-0.009601193071349379
MH_03_medium,314,1403637211368318976,1403637212368318976,0.20247804886999252,0.18887757660800997,0.06403304888953665,-0.03496269410092154,0.025296529087507822,0.022401610361362234,-0.011404735355045936,-0.00283094482005615
MH_03_medium,315,1403637211618318976,1403637212618318976,0.21253550985752212,0.20021515231924658,0.060218437118654045,-0.03819653862805475,0.039131048963441814,0.0358010938168829,-0.01455555801960351,-0.006136481502619029
MH_03_medium,316,1403637211868318976,1403637212868318976,0.2048133420155058,0.19002729129967166,0.06417605726609654,-0.04146766574873714,0.03248602855359309,0.028488443783792228,-0.010375712537256554,-0.011665985226580411
MH_03_medium,317,1403637212118318976,1403637213118318976,0.173430750707947,0.16411521428541742,0.047470362877040984,-0.02984939496029415,0.027677026682596605,0.001827284210129454,-0.02743364386557534,-0.0031739600913301413
MH_03_medium,318,1403637212368318976,1403637213368318976,0.1701975438570322,0.16273325249510795,0.04284730440250595,-0.025479422536015872,0.030963480693574217,0.002491516406886385,-0.030853857509981708,-0.0007542939806896576
MH_03_medium,319,1403637212618318976,1403637213618318976,0.15992855985385224,0.1445660042911292,0.06539440392353857,-0.0200346349033243,0.014170392813871453,-0.012019927173504419,-0.0062071094167110985,0.004218195814805925
MH_03_medium,320,1403637212868318976,1403637213868318976,0.17829110802722994,0.15823290851678107,0.07670359593262432,-0.029438482211249728,0.009534947033305801,0.005132607792718735,0.005507061389001144,-0.005851822539332752
MH_03_medium,321,1403637213118318976,1403637214118318976,0.18381733644639095,0.16946421692267588,0.066603412271939,-0.025192813157011135,0.017817560004219454,0.016098493622103804,-0.006569296000731306,-0.003892081404315628
MH_03_medium,322,1403637213368318976,1403637214368318976,0.17528502077189406,0.16748615321273796,0.050429297347600155,-0.011406706712715986,0.027531554830404988,0.009354876935007472,-0.025107069119550296,0.006333077382804142
MH_03_medium,323,1403637213618318976,1403637214618318976,0.18521656232135872,0.16903911029244645,0.07564414251149643,-0.002986277512272484,0.014631158810555538,0.006472586621544041,-0.002012887269510877,0.012966291505536465
MH_03_medium,324,1403637213868318976,1403637214868318976,0.18732905588091897,0.16479400595199156,0.0890521779225466,0.002195537925552715,0.01909237485655979,0.004103907811237151,0.005617653188971339,0.01777972696608987
MH_03_medium,325,1403637214118318976,1403637215118318976,0.18248724872646388,0.15518758487941758,0.09600089910910903,-0.0014955993081451902,0.012266650101459078,0.0051750777570646195,0.0006022457462719899,0.011105249883773816
MH_03_medium,326,1403637214368318976,1403637215368318976,0.1702460313287428,0.1371070682066833,0.1004667397978487,-0.00958108685622533,0.009023562924455993,8.45278088440482e-07,-0.008501272157571904,-0.003025402260859622
MH_03_medium,327,1403637214618318976,1403637215618318976,0.1668071860797631,0.11654134582920705,0.11818691701240791,-0.01657120053792388,0.017054224815078674,-0.011724092412737197,0.0001259167781126891,-0.01238452203784357
MH_03_medium,328,1403637214868318976,1403637215868318976,0.17438751897028262,0.11484057577978202,0.1312349252870666,-0.00020811553731270305,0.01639880362811772,-0.011987700240522314,0.0076050577975266265,0.008208465098496043
MH_03_medium,329,1403637215118318976,1403637216118318976,0.18587222319857058,0.11045011809817529,0.14922919686165947,0.008938767974528194,0.03341180022461563,-0.01552069556545943,0.018197874157746874,0.023330104576550048
MH_03_medium,330,1403637215368318976,1403637216368318976,0.1952054165798951,0.09921515389961166,0.16811158443925223,5.5462878801648685e-05,0.03692001391095665,-0.015506963265968121,0.027000749764917842,0.019838876721867016
MH_03_medium,331,1403637215618318976,1403637216618318976,0.19002013307039264,0.07737811519734994,0.1735144695094295,-0.003606540094971189,0.035680166836223375,-0.017129459361449828,0.023920240357170997,0.02018608502658059
MH_03_medium,332,1403637215868318976,1403637216868318976,0.16915440635303122,0.06136472045917196,0.15690931721193468,-0.015068193113261685,0.019633376514148877,-0.01450941319333987,0.0025561747286033665,0.012977379276576495
MH_03_medium,333,1403637216118318976,1403637217118318976,0.17084321500886152,0.05791608651853675,0.1594225183160516,-0.020435060330462718,0.013929068462798223,-0.008846616484439518,-0.0007067747944038416,0.010735771719283083
MH_03_medium,334,1403637216368318976,1403637217368318976,0.18860572903249562,0.055599629322752975,0.1797090350058239,-0.013618552798560613,0.026802901891709873,-0.008977695076317183,0.016377303603489324,0.01922447574350028
MH_03_medium,335,1403637216618318976,1403637217618318976,0.17788740325355928,0.059340432203023485,0.16639575213782365,-0.02085893124636884,0.016142554240875982,-0.005070706114383039,0.004335867739396093,0.014699328143410018
MH_03_medium,336,1403637216868318976,1403637217868318976,0.16048074436807955,0.06061065420089219,0.14702090310564575,-0.021570163658931496,0.021141211954421917,-0.00465677415481916,-0.01289692328275649,0.016091447020435856
MH_03_medium,337,1403637217118318976,1403637218118318976,0.14508761666572856,0.052721754157656675,0.13323974789680415,-0.022759673298997085,0.03454881148051617,-0.013126370670101667,-0.02859731174180169,0.014265781748279749
MH_03_medium,338,1403637217368318976,1403637218368318976,0.12763397895682635,0.042598428600614135,0.12014013780071764,-0.006492592266155839,0.055565106382709076,-0.019459388570607583,-0.045490082438394364,0.025287657928878438
MH_03_medium,339,1403637217618318976,1403637218618318976,0.14994547542144285,0.02453161869982967,0.1477592429572021,-0.007003670754911928,0.038779833946694056,-0.02653415541374704,-0.021630748904155617,0.01821880400184528
MH_03_medium,340,1403637217868318976,1403637218868318976,0.1808410684459233,0.016872540325140184,0.17590954207245346,-0.03840107325973274,0.0261814499828745,-0.020380883449759857,0.0027826202959180257,-0.016197065700360946
MH_03_medium,341,1403637218118318976,1403637219118318976,0.24272697429016193,0.03451794049725132,0.23203895274403363,-0.062312280020372146,0.07331552167337763,0.005930530780561494,0.06028154146342768,-0.04130532994291858
MH_03_medium,342,1403637218368318976,1403637219368318976,0.26824786623747,0.04352021576992193,0.2504511467803705,-0.08565705830048304,0.10441193246787082,0.01644503122497465,0.07837684300645309,-0.06699614220256739
MH_03_medium,343,1403637218618318976,1403637219618318976,0.2876875591147904,0.055629524565459665,0.2637521120206552,-0.10052020230128211,0.12536042629819014,0.02596109910069444,0.08925139536986038,-0.08411567178404239
MH_03_medium,344,1403637218868318976,1403637219868318976,0.16847960473923024,0.0588176071280504,0.14870467012745214,-0.05303571803137214,0.055294762891792505,0.02355609678943038,-0.03275323682859432,-0.037813312266403665
MH_03_medium,345,1403637219118318976,1403637220118318976,0.18146677009464093,0.06586541838733861,0.1654851564149944,-0.03473612407202242,0.03834197486541627,0.027332370626525382,-0.01949446912646935,-0.018520643239142598
MH_03_medium,346,1403637219368318976,1403637220368318976,0.21001256263077342,0.05561194766598554,0.1984221807172244,-0.040512046837469895,0.030194597728961284,0.01532766995227508,0.013075200187963931,-0.02249034027960861
MH_03_medium,347,1403637219618318976,1403637220618318976,0.2076076625670137,0.03371555515609792,0.20084271293035605,-0.040328743593493366,0.028209089558546892,-0.006996121890012752,0.0192336490084426,-0.019413236670947964
MH_03_medium,348,1403637219868318976,1403637220868318976,0.16961000770251478,0.008129525750796951,0.16587079519612136,-0.03447237770912548,0.03364272090014589,-0.03096523407721996,-0.00881983875230774,-0.009756915111416076
MH_03_medium,349,1403637220118318976,1403637221118318976,0.18925824593361565,0.06705261256927653,0.1674862301179384,-0.05719260024150352,0.04168444407517597,0.030164532099102637,-0.0012807564516433556,-0.028741147228498964
MH_03_medium,350,1403637220368318976,1403637221368318976,0.21232730190032145,0.0979578707592994,0.17761188496145197,-0.06277863497253344,0.07088458692919304,0.062361611135394845,0.01110353483338245,-0.0318176937398672
MH_03_medium,351,1403637220618318976,1403637221618318976,0.17898780255867372,0.03873926744773737,0.17001986763659582,-0.04036269603519915,0.010593355379612012,0.0012265458989242362,0.0032111647326285297,-0.010020138941976287
MH_03_medium,352,1403637220868318976,1403637221868318976,0.17134227254581352,-0.025293532928850837,0.16533057377833957,-0.037205012125599346,0.06846986115009421,-0.06800421241364418,-0.0008912513496794894,-0.00792178331847293
MH_03_medium,353,1403637221118318976,1403637222118318976,0.16739076531768554,0.0037427245953747246,0.16461702145665047,-0.03011472352495259,0.04856955516202799,-0.048552958785678335,0.0004913850853082158,-0.0011706504565571763
MH_03_medium,354,1403637221368318976,1403637222368318976,0.17430434912032244,0.051085142248849635,0.16416334612380923,-0.02868292441694975,0.011422895484959084,-0.011116855870831444,0.002488365466182474,0.0008402940641046852
MH_03_medium,355,1403637221618318976,1403637222618318976,0.19126376144216486,0.09784319222723159,0.1626023738635844,-0.02385380870463838,0.02724510034863467,0.026488280193432523,0.0028104516921060307,0.005724322378039326
MH_03_medium,356,1403637221868318976,1403637222868318976,0.17536746222948713,0.07634726281758208,0.15768579647647385,-0.007748022886757133,0.022627132865040343,-0.007837223408340144,0.000670662631151786,0.021215920497945184
MH_03_medium,357,1403637222118318976,1403637223118318976,0.1730508048663284,0.09315932304286445,0.14579912876970536,0.0032458658435267074,0.03262262688838335,-0.006900842143131136,-0.006950409499900112,0.031117615117453257
MH_03_medium,358,1403637222368318976,1403637223368318976,0.18771940484645197,0.1311958562777642,0.13424773801184253,-0.0019408993157972176,0.03657034658292798,0.02121099961254469,-0.016410261933246906,0.024863367589977203
MH_03_medium,359,1403637222618318976,1403637223618318976,0.19245076361260285,0.13627670814744164,0.13449182920924185,-0.019439730129893085,0.029023051846483124,0.024515994628291793,-0.014191140302118876,0.006317838459061198
MH_03_medium,360,1403637222868318976,1403637223868318976,0.18477941388402716,0.11543847254817408,0.1394878099627228,-0.0368855218598354,0.015284336631181249,0.008794984993064858,-0.004983123801553191,-0.011464190438292055
MH_03_medium,361,1403637223118318976,1403637224118318976,0.17927421480437736,0.10513851395049656,0.1393235923263909,-0.040915444507873766,0.017103241261836193,0.005595405571479972,-0.0015360439874831933,-0.016088905090768102
MH_03_medium,362,1403637223368318976,1403637224368318976,0.16570186939593995,0.08907099584190803,0.136230375435768,-0.031060457653898865,0.009739600272365317,-0.005697251714105178,-0.0034900717481285426,-0.007086644873598447
MH_03_medium,363,1403637223618318976,1403637224618318976,0.16271410526213295,0.09098062521479733,0.13366602356312163,-0.018215378986012887,0.009050613064499308,-0.003122495732206687,-0.006807176210388066,0.005081925745852978
MH_03_medium,364,1403637223868318976,1403637224868318976,0.16722602512431475,0.10188709468501589,0.1313731802072735,-0.018018072531538976,0.013698750141173804,0.0052483613231375514,-0.011507208230598698,0.005262567585289979
MH_03_medium,365,1403637224118318976,1403637225118318976,0.1802405714922231,0.12113741376969323,0.13098652734393923,-0.02559140971905982,0.025894889086681337,0.021943600784072537,-0.013669722735223933,-0.001470491680656938
MH_03_medium,366,1403637224368318976,1403637225368318976,0.187222031616199,0.13194287265569482,0.12919253863961588,-0.03086187676910579,0.036795943716552926,0.03272905155374328,-0.015494607148335837,-0.0065320599892289
MH_03_medium,367,1403637224618318976,1403637225618318976,0.1882735749812976,0.1332487069407513,0.13093487263728165,-0.023404705986508345,0.0370306322150143,0.03411621531293285,-0.014377013461649324,0.0008081205905154931
MH_03_medium,368,1403637224868318976,1403637225868318976,0.18235380927403205,0.12048327435262074,0.13658067823671294,-0.009078033400503949,0.025790322872652368,0.018370994997263246,-0.011904547844741598,0.013635579829931799
MH_03_medium,369,1403637225118318976,1403637226118318976,0.1830334861253809,0.10849094611832566,0.14740379141910664,0.0017589567456494093,0.024333316471826193,0.002579251270593552,-0.0052091577091887276,0.023628847398085018
MH_03_medium,370,1403637225368318976,1403637226368318976,0.18677220569740335,0.1000003392788793,0.1577443411978563,0.0007153916664820459,0.023391039424289536,-0.0033324633481974786,0.00658944500862213,0.02219492347046803
MH_03_medium,371,1403637225618318976,1403637226618318976,0.17941979822870202,0.08450069934297844,0.15813313686608876,-0.006708713130440858,0.023397920281847822,-0.013983350227151803,0.011394578646152675,0.014902757040801573
MH_03_medium,372,1403637225868318976,1403637226868318976,0.17892935704848137,0.08857325006120575,0.15439658832794412,-0.01822601712029792,0.01291118282655798,-0.006406317506608694,0.010717865151635086,0.0032840682965935564
MH_03_medium,373,1403637226118318976,1403637227118318976,0.18024171836027106,0.09604675994491885,0.14798833449293736,-0.036899184212566105,0.016267399096634237,0.0004681124999059705,0.0035450151557629983,-0.015869530919407127
MH_03_medium,374,1403637226368318976,1403637227368318976,0.18348871450683144,0.09786821359226572,0.1487772425032048,-0.04421824547368136,0.021087457737518023,-0.001237876906212243,0.0032478732335077254,-0.020799034930874538
MH_03_medium,375,1403637226618318976,1403637227618318976,0.18415713437985812,0.09361444639775751,0.15108702449127787,-0.04819643761746828,0.022959575012056657,-0.0074449227663526685,0.005275106962687293,-0.021068660523856475
MH_03_medium,376,1403637226868318976,1403637227868318976,0.18201875019889474,0.09230850643488342,0.14786544354755837,-0.052400149505631766,0.023997044130981134,-0.007229264727065754,0.003289568806085885,-0.02264452683542506
MH_03_medium,377,1403637227118318976,1403637228118318976,0.1852116115052707,0.10202075971761904,0.14521361631607443,-0.05299161499168603,0.023671310340532648,0.005296131609853205,0.002990443665861653,-0.022876607482103406
MH_03_medium,378,1403637227368318976,1403637228368318976,0.18138362378760606,0.1083582781781276,0.138356499567724,-0.04489968325012683,0.020004291999344736,0.010592519381634524,-0.0034202944499488463,-0.01662142645564435
MH_03_medium,379,1403637227618318976,1403637228618318976,0.1863761789372584,0.11567624765803508,0.14069487715136697,-0.03949730809019336,0.019757169280773094,0.015068537104711233,-0.004041843179330318,-0.012122228806072166
MH_03_medium,380,1403637227868318976,1403637228868318976,0.18161651093720174,0.11310561541466502,0.13831652532854233,-0.03256095250006241,0.016355382472219366,0.010987420020066807,-0.00926784300595962,-0.007802706141596061
MH_03_medium,381,1403637228118318976,1403637229118318976,0.18083675825267442,0.10646664278188744,0.14179681390659238,-0.03550282631044177,0.014829458442228554,0.005817277371831686,-0.005917206317696877,-0.012290597669062597
MH_03_medium,382,1403637228368318976,1403637229368318976,0.1763759844866565,0.10272152565253911,0.13905811892600894,-0.03492299574795954,0.014936866699659018,0.005305578468677297,-0.006088531828568389,-0.012565452800778809
MH_03_medium,383,1403637228618318976,1403637229618318976,0.17444684404639174,0.10670506351086573,0.13379192858034994,-0.03384450717086562,0.01778224616760075,0.010782839026765245,-0.008964355801259094,-0.010935217709604705
MH_03_medium,384,1403637228868318976,1403637229868318976,0.17406150220910305,0.10799019497935713,0.13319918607355907,-0.029891489908524083,0.012734068965944591,0.008861377078782873,-0.008199076269891581,-0.004050636618799008
MH_03_medium,385,1403637229118318976,1403637230118318976,0.17915551389965415,0.12308434267042223,0.12672621167090892,-0.02978942808412477,0.02000053459836927,0.016097234449518716,-0.011759895873873827,-0.001614086841975837
MH_03_medium,386,1403637229368318976,1403637230368318976,0.1821301419402716,0.1285940574556248,0.12635164779772134,-0.025888570626504792,0.008717046248659087,0.007631899427105182,-0.002892064687227913,0.0030621835805030306
MH_03_medium,387,1403637229618318976,1403637230618318976,0.18338652668023536,0.1297694089444139,0.1242338270182699,-0.03683035289611991,0.018564937073873525,-0.010195904736688632,0.011558249923077524,-0.010349264412166326
MH_03_medium,388,1403637229868318976,1403637230868318976,0.1758907406915673,0.14415653636002101,0.09317439693018437,-0.0384054350633678,0.020167403318757774,-0.013360032877482553,0.00025676611589231513,-0.015105222583456257
MH_03_medium,389,1403637230118318976,1403637231118318976,0.18030223739830245,0.15464583704561274,0.07914217702428572,-0.04827087849990119,0.025165010511627332,-0.008644485365908672,0.0050859083030532215,-0.02307995154981568
MH_03_medium,390,1403637230368318976,1403637231368318976,0.171466000278296,0.15482019676997805,0.05591366758006955,-0.04800997501860804,0.02112119187008431,-0.005885974417445539,-0.00403242362115841,-0.019879628037506536
MH_03_medium,391,1403637230618318976,1403637231618318976,0.17454630514347788,0.16243298358554004,0.022427927305775697,-0.0598241302444642,0.03557082211173326,0.004851357471480355,-0.020083261428172072,-0.02895531603689
MH_03_medium,392,1403637230868318976,1403637231868318976,0.17586985001949662,0.16442731333580873,-0.008949614326057453,-0.06175570563488722,0.03642420887927523,0.004708911228140877,-0.02286938694731333,-0.027956042069302578
MH_03_medium,393,1403637231118318976,1403637232118318976,0.20334805104958537,0.18875062883863514,-0.058766403203977635,-0.047645984438902056,0.043171300709393255,0.022179377521886146,-0.03510673594204672,-0.011804808731102567
MH_03_medium,394,1403637231368318976,1403637232368318976,0.2355079573697915,0.20847019056947413,-0.10505551463665874,-0.031104926825913662,0.05905124130425445,0.04246956137634683,-0.040514400058819344,0.00647833651085955
MH_03_medium,395,1403637231618318976,1403637232618318976,0.20117323257387018,0.1671056599150731,-0.111454828376093,-0.011144019033725958,0.03374828846142871,0.015681845880527234,-0.012688176799016349,0.02705617957827927
MH_03_medium,396,1403637231868318976,1403637232868318976,0.17933425816245138,0.12100600817814122,-0.1311282391671429,-0.017991860059286574,0.025757617344441684,-0.009839377644076386,-0.009549114990487162,0.021804951312451637
MH_03_medium,397,1403637232118318976,1403637233118318976,0.1915161596892141,0.08867728854987877,-0.1629959648818613,-0.04740351621744035,0.033604990733399426,-0.023511673162379232,-0.023324365227495036,-0.005698299222727604
MH_03_medium,398,1403637232368318976,1403637233368318976,0.20150140594992924,0.06393950455706676,-0.18090826858852527,-0.06153661278537376,0.04480253582628851,-0.028402145316229088,-0.02786444182311243,-0.020595102325263015
MH_03_medium,399,1403637232618318976,1403637233618318976,0.21522116671314862,0.05686803915976313,-0.19992780030959256,-0.055812645402813776,0.04903401831832702,-0.016451518459914993,-0.042500141980080786,-0.018094762349312066
MH_03_medium,400,1403637232868318976,1403637233868318976,0.1714413950660858,0.01999853131392193,-0.1692553123664129,-0.018570135250982667,0.04640825759524189,-0.04310118965678811,-0.01423098335491546,0.009669174522575735
MH_03_medium,401,1403637233118318976,1403637234118318976,0.15622337397457306,0.04264297924497562,-0.15025107842960206,0.0034543201724014094,0.027683793577055943,-0.02100083007438336,0.0013967688765947894,0.01798350910443497
MH_03_medium,402,1403637233368318976,1403637234368318976,0.17374168713892593,0.10270475649094024,-0.13914259487184277,0.016650679756314006,0.03964966644322172,0.03457229478362045,0.01201999459683023,0.015243759783772678
MH_03_medium,403,1403637233618318976,1403637234618318976,0.17567440620668398,0.10992664122058393,-0.13630743864150285,0.014068145472128035,0.04474989947181205,0.03976783575097187,0.020434382487419356,-0.001873167045102292
MH_03_medium,404,1403637233868318976,1403637234868318976,0.15531224865365634,0.07541228326652671,-0.13552792859646773,0.008189180956301667,0.026242113782274677,0.006262651283229559,0.024159701395390577,-0.008107808776240122
MH_03_medium,405,1403637234118318976,1403637235118318976,0.1520986429455726,0.034136160812888505,-0.14820057822593619,0.002303980108327608,0.03830062566724931,-0.0357306131197781,0.013405329916937936,-0.0032493603071291344
MH_03_medium,406,1403637234368318976,1403637235368318976,0.19843849114288406,0.0929591002047303,-0.17410718410838966,-0.020570097181070723,0.02234545847242896,0.014948196013824244,-0.012759002318338819,-0.010633852082663209
MH_03_medium,407,1403637234618318976,1403637235618318976,0.20158065616996573,0.1127223165083251,-0.1646847568278471,-0.028414277598837412,0.022310885752065746,0.0184171744877073,-0.00844961073229733,-0.009337418562093025
MH_03_medium,408,1403637234868318976,1403637235868318976,0.20548948015602203,0.13729306276308506,-0.15135526725781,-0.02163618370324738,0.0252222724926458,0.024833491919350692,-0.004383504467264654,-0.0004955778145677714
MH_03_medium,409,1403637235118318976,1403637236118318976,0.20375180087616965,0.1513835537909447,-0.13598658626995586,-0.010269584049526936,0.025816925661419,0.024762926729211543,-0.0005316285290941636,0.0072820657452393744
MH_03_medium,410,1403637235368318976,1403637236368318976,0.1941592147197098,0.14181703819726899,-0.13257363319598925,-0.003155965580296627,0.01433766960597613,0.006181045912152072,-0.009131918820038276,0.009163596446059297
MH_03_medium,411,1403637235618318976,1403637236618318976,0.1790344964582811,0.12817744535133713,-0.12463566256838732,-0.009478662427491902,0.022609158753777794,-0.016337190666753543,-0.015269025187548024,-0.003335735375249671
MH_03_medium,412,1403637235868318976,1403637236868318976,0.17241549822426933,0.12226156058881799,-0.11844116977262198,-0.027402630041708564,0.046435072178947816,-0.030786243171313288,-0.024173761169646202,-0.0249810414229224
MH_03_medium,413,1403637236118318976,1403637237118318976,0.18000879955966057,0.14710543795705266,-0.09084927240700091,-0.05009558608792111,0.048190707170378246,-0.013096285658932061,-0.012634908131385014,-0.04462275939509183
MH_03_medium,414,1403637236368318976,1403637237368318976,0.19592385783179622,0.177553476110071,-0.059155383659333705,-0.05797897699202166,0.046696918746275594,0.010502468643126761,0.004524734061139402,-0.045275016890912026
MH_03_medium,415,1403637236618318976,1403637237618318976,0.20060868198819237,0.19485730891215436,-0.026412001512627903,-0.03970993110860163,0.03839881343594864,0.020357604764546622,0.026133247470689014,-0.019418809906248752
MH_03_medium,416,1403637236868318976,1403637237868318976,0.18058414910046452,0.17928788837573517,-0.018087303485240014,-0.011804128122887947,0.024751611068256744,-0.000923030865540575,0.019571127287671075,0.01512485507981104
MH_03_medium,417,1403637237118318976,1403637238118318976,0.16998366260528014,0.16925963470989558,-0.014485186850439202,-0.00598339138668702,0.029249793382791465,-0.009977637476104917,0.00738834854939574,0.02648413617704115
MH_03_medium,418,1403637237368318976,1403637238368318976,0.14782887715586446,0.14479680634983438,-0.02304696955539809,-0.01887058521521745,0.03712805689957048,-0.029276499063901618,-0.011126701640979508,0.01993930094792029
MH_03_medium,419,1403637237618318976,1403637238618318976,0.14745531519948607,0.13707059451318582,-0.03956893600522138,-0.03726957745663717,0.04332176548986955,-0.03234917003866755,-0.026572110069832622,0.011145830135316337
MH_03_medium,420,1403637237868318976,1403637238868318976,0.20688086250094,0.19314881943465778,-0.018418532426640155,-0.07179124238637757,0.031983294328736395,0.028030921746112547,0.00922723562997918,-0.01233112585333307
MH_03_medium,421,1403637238118318976,1403637239118318976,0.19507459919272305,0.1675493202445395,-0.05864803291341891,-0.08088097904440095,0.014958597920347514,0.009214050993954004,-0.004480298438032548,-0.010898983527357187
MH_03_medium,422,1403637238368318976,1403637239368318976,0.22093473430889635,0.1942604601207778,-0.06925981883996402,-0.07923451237978107,0.04560940915462994,0.04282566199971605,0.014223610383514274,-0.0066234270116385385
MH_03_medium,423,1403637238618318976,1403637239618318976,0.17324184633069178,0.13514462968705754,-0.09364031605244727,-0.054590819708197236,0.013033757314569813,-0.004577212035650646,0.006784432404147278,0.010143935955503336
MH_03_medium,424,1403637238868318976,1403637239868318976,0.14467913854396056,0.10756046862257129,-0.0904896124244392,-0.03426993963797087,0.027944456837305037,-0.017121858708355475,0.011881429225939932,0.018616290227972287
MH_03_medium,425,1403637239118318976,1403637240118318976,0.11943197133064375,0.08095287817524621,-0.0862765466135248,-0.0163396693819593,0.045070573860007665,-0.032321446839644,0.01860803795588173,0.025306553018831668
MH_03_medium,426,1403637239368318976,1403637240368318976,0.14134166987235955,0.07976452401370793,-0.11577781718061586,-0.014511560910721366,0.031248251484152986,-0.023433435880097164,0.002081117934319421,0.020566872679474102
MH_03_medium,427,1403637239618318976,1403637240618318976,0.15633669381104592,0.07366072247000233,-0.1378795301153522,-0.002120134933371931,0.03172741044095481,-0.015843639133553467,0.0017350218941412088,0.02743350818472534
MH_03_medium,428,1403637239868318976,1403637240868318976,0.17596470465917344,0.04172161724165058,-0.1681574365633471,0.030756470359507015,0.06272267632524642,-0.030201744132089203,-0.004983858316268158,0.05474623213578089
MH_03_medium,429,1403637240118318976,1403637241118318976,0.1907739023860503,0.02123908659851459,-0.17793273035008322,0.06544865546539225,0.09044942819521194,-0.03109390750023877,-0.0018960868515499607,0.08491568071833833
MH_03_medium,430,1403637240368318976,1403637241368318976,0.17061030989198245,0.06759102899457936,-0.15585370689039751,0.015778234673570923,0.046517526319197165,0.028307461244917675,0.017905085914962038,0.03227964979832515
MH_03_medium,431,1403637240618318976,1403637241618318976,0.15938421796078864,0.05732172458766449,-0.14858709857679828,0.006278770723394278,0.03553598251712727,0.020325558166527813,0.020638557036647354,0.020584647243072296
MH_03_medium,432,1403637240868318976,1403637241868318976,0.160079997042921,0.04471438340853595,-0.1535766040909483,-0.0063605067052992514,0.01848660213622755,0.004490525219294383,0.017511099531655472,0.003866656823472925
MH_03_medium,433,1403637241118318976,1403637242118318976,0.17528797878292746,0.07195284130471435,-0.1593672218615261,-0.012278140336457244,0.03312641759557682,0.028863381922604958,0.015485122791306427,-0.004947292071885934
MH_03_medium,434,1403637241368318976,1403637242368318976,0.18945936510717926,0.09234476462291141,-0.1650486669753075,-0.01123534615526256,0.04951065080124784,0.047976462878329684,0.011528656657766853,-0.004080885702232473
MH_03_medium,435,1403637241618318976,1403637242618318976,0.1966214820295623,0.10647862224915983,-0.16320249785075844,-0.026215546812824786,0.06402466988458601,0.06048932058662437,0.010853381357489447,-0.01795562758323127
MH_03_medium,436,1403637241868318976,1403637242868318976,0.19233287121186304,0.04766605591107265,-0.18393574303654023,-0.029791322496281303,0.025353115561067015,-0.0004767860648069444,-0.011178840633599252,-0.022750531110060146
MH_03_medium,437,1403637242118318976,1403637243118318976,0.18905808714046743,0.0026217580704965826,-0.1878201515408878,-0.021440087989332057,0.050324874773245716,-0.04554001233803717,-0.01429211871896735,-0.015951038828779407
MH_03_medium,438,1403637242368318976,1403637243368318976,0.18572113363880471,0.03259426448632219,-0.18159289554932972,-0.021306658318203275,0.024785743100561843,-0.01783759093562587,-0.009153979912760901,-0.014572510504957503
MH_03_medium,439,1403637242618318976,1403637243618318976,0.19040227511228955,0.07721011345409678,-0.17214963091451474,-0.0256150214588598,0.024120092392214795,0.018019530126082373,-0.005222826685515991,-0.015159072282209418
MH_03_medium,440,1403637242868318976,1403637243868318976,0.20459623988661574,0.11378500550148019,-0.16795916389089305,-0.026501191743803998,0.04755518412495262,0.045526562711069474,-0.002554184352466349,-0.013501991229697197
MH_03_medium,441,1403637243118318976,1403637244118318976,0.20078928155652184,0.10366025954796676,-0.1684968257087216,-0.034346847082622756,0.037002041730201524,0.03294318019670328,0.002632354760877531,-0.016642376006568205
MH_03_medium,442,1403637243368318976,1403637244368318976,0.19096801895829968,0.06943807323816742,-0.17599803936302583,-0.025919652586391284,0.0018701661970019876,-0.0006684369078353569,-0.0014482864937126472,-0.0009763093448195148
MH_03_medium,443,1403637243618318976,1403637244618318976,0.18933268656131483,0.0527883687694608,-0.17830530026977653,-0.03560160416174141,0.017067908470487107,-0.01516958482041808,-0.005937776277478379,-0.005093133496353874
MH_03_medium,444,1403637243868318976,1403637244868318976,0.18192777627487194,0.038498992085308714,-0.17227747971902008,-0.04400015193607654,0.031661787740889055,-0.028123318554801102,-0.006229051125834273,-0.01314331307114136
MH_03_medium,445,1403637244118318976,1403637245118318976,0.17159631034999429,0.02959584459967246,-0.15984436780822486,-0.05494686331495657,0.0471127958435144,-0.03775745323889623,0.00011075787467262899,-0.028177615048091464
MH_03_medium,446,1403637244368318976,1403637245368318976,0.16831505541667596,0.028132634837279014,-0.15348199124706108,-0.06310143500640919,0.05800417873085975,-0.0430950234544607,0.002010221698999004,-0.03877193201817364
MH_03_medium,447,1403637244618318976,1403637245618318976,0.16289623078068938,0.09081362881219412,-0.12886939113978002,-0.04099691271033734,0.03257103741382326,0.01261908549761337,0.024248406043687165,-0.017710052618698624
MH_03_medium,448,1403637244868318976,1403637245868318976,0.1624201100473598,0.10164400933981099,-0.125045793133427,-0.020306086101389953,0.030831792116139973,0.017850038039362914,0.024938844210045996,0.0031669538287166787
MH_03_medium,449,1403637245118318976,1403637246118318976,0.1598093748263669,0.08838779088176452,-0.132230102376937,-0.015551036326253431,0.014674686802710297,0.0011786585278112938,0.012678560360210422,0.007294607873282732
MH_03_medium,450,1403637245368318976,1403637246368318976,0.1530151651734943,0.0724093208083545,-0.1341907669676976,-0.01278159198870088,0.022918160909188648,-0.020860160823193752,0.004371411850325302,0.008425351525295
MH_03_medium,451,1403637245618318976,1403637246618318976,0.16185758349842877,0.09455876088383874,-0.13062073889382875,-0.013954950623132345,0.01591832454931907,-0.012816380699554486,-0.0051180429030752705,0.00793341534673575
MH_03_medium,452,1403637245868318976,1403637246868318976,0.16996319929588427,0.12674921083386792,-0.11159091096891904,-0.019224860389895237,0.008369638629586364,-0.0025107973320803723,-0.00770942250283202,0.002076427754560628
MH_03_medium,453,1403637246118318976,1403637247118318976,0.16805403853558165,0.14560228114850737,-0.08381319135332266,-0.004181452814644215,0.019452241040988572,-0.007127691617347054,-0.009965632949449077,0.015108668162401862
MH_03_medium,454,1403637246368318976,1403637247368318976,0.16758926930933518,0.15837904972190486,-0.05226286161181459,-0.016457007412272073,0.01742779343562947,-0.01087332273069741,-0.01361948308332206,-9.228961031959582e-05
MH_03_medium,455,1403637246618318976,1403637247618318976,0.17208066517655657,0.16743693518474423,-0.030515946903604707,-0.025404823323973535,0.02732525288781852,-0.008082707092011532,-0.024042548060404734,-0.01016342335097331
MH_03_medium,456,1403637246868318976,1403637247868318976,0.18333562311151302,0.17957784372880603,-0.010674953254997455,-0.035352427305673007,0.03372637333121658,0.006424972871817758,-0.027194763286491508,-0.01888472481834713
MH_03_medium,457,1403637247118318976,1403637248118318976,0.19639497654460375,0.1929666503367704,0.006615075976522,-0.03593187219707428,0.03421440633580964,0.019658195831479652,-0.0202940622936163,-0.019295905606783736
MH_03_medium,458,1403637247368318976,1403637248368318976,0.19068535037213774,0.18582356997089455,0.01814470120616196,-0.038746270890965606,0.029310931349894685,0.010284214827343874,-0.014873532952189628,-0.023068238760326043
MH_03_medium,459,1403637247618318976,1403637248618318976,0.18990494968766572,0.18059078929750605,0.03669691060803082,-0.04587148884225167,0.031211349084655914,0.006981509533663832,-0.00452640414419303,-0.03008186333721774
MH_03_medium,460,1403637247868318976,1403637248868318976,0.19587719113531762,0.17971300483895636,0.05075813619805203,-0.059116169602867585,0.04206037854671184,0.00984448269945215,-0.0023794202849956037,-0.04082278730048006
MH_03_medium,461,1403637248118318976,1403637249118318976,0.2104456142448974,0.19139675706839032,0.06609104876264382,-0.05732897358290645,0.04327326926839187,0.021713212547148864,0.0030998957945067573,-0.037302853511766154
MH_03_medium,462,1403637248368318976,1403637249368318976,0.2279987989279769,0.2084792007956251,0.07830777121277954,-0.04886479423781953,0.047618578275716784,0.03604422561393683,0.011444725517204102,-0.028937191548732644
MH_03_medium,463,1403637248618318976,1403637249618318976,0.1950683113306749,0.1733188388102933,0.0741567506894496,-0.05012985663290381,0.032712938093115235,0.005254298335694685,0.009284528550582927,-0.03092452420453573
MH_03_medium,464,1403637248868318976,1403637249868318976,0.15171003510501668,0.12447682835773577,0.07451430020194261,-0.04437423823547798,0.04631429661228104,-0.03675833493516212,0.013689131623631834,-0.024626135687023043
MH_03_medium,465,1403637249118318976,1403637250118318976,0.09666625743569025,0.0678271737997056,0.06362061645352224,-0.02638668192557536,0.09376185907614241,-0.09347328296858404,0.004408899804064781,-0.005881597657705295
MH_03_medium,466,1403637249368318976,1403637250368318976,0.10558471796530407,0.07429123912683622,0.07390492767680401,-0.012923084844510324,0.09352556580748844,-0.09199351050604321,0.013790707085503673,0.009697519397619536
MH_03_medium,467,1403637249618318976,1403637250618318976,0.14821851092943567,0.12490512848337154,0.07834847476099993,-0.01513117190823765,0.0452708338083967,-0.04133601278760679,0.014804705691819908,0.011027380917918661
MH_03_medium,468,1403637249868318976,1403637250868318976,0.20004773143461954,0.16822205516058375,0.10512142692447757,-0.025882824634280266,0.03535692077079487,0.005701188001538959,0.03449843873260949,0.005240804019972789
MH_03_medium,469,1403637250118318976,1403637251118318976,0.2413046439295813,0.20745828132344624,0.11707724416868048,-0.03849560481627767,0.060223385264873,0.046884281553114526,0.03765147443388228,-0.003329677006004783
MH_03_medium,470,1403637250368318976,1403637251368318976,0.15934988706224568,0.1382681409900286,0.07580640461486787,-0.022971650208005734,0.029274593745586726,-0.02314973010182264,-0.01053452260041432,0.014495367148274374
MH_03_medium,471,1403637250618318976,1403637251618318976,0.19009101788558824,0.1643483019007288,0.09217470197021527,-0.02506102671136845,0.014426804753800388,0.006009776061757677,0.0026192999197218736,0.01285124721660691
MH_03_medium,472,1403637250868318976,1403637251868318976,0.17320032307062266,0.14862927260552672,0.08661722657187942,-0.02012827110101112,0.017904090436521306,-0.0016686570603363649,-0.0053596583789854435,0.017001355829306508
MH_03_medium,473,1403637251118318976,1403637252118318976,0.15367602638665295,0.12258920435636433,0.08788467187874471,-0.02940225348557779,0.020801744739140853,-0.01796283079059524,-0.008852448415368475,0.00562880548909428
MH_03_medium,474,1403637251368318976,1403637252368318976,0.14685451020239185,0.10533770779387508,0.09969818596960023,-0.023032285989185053,0.028832347661247277,-0.027387357546170055,-0.003918466125080844,0.008116806115946562
MH_03_medium,475,1403637251618318976,1403637252618318976,0.15998753163418253,0.1023070729444222,0.11961322355303583,-0.02866966785986025,0.02710482865647487,-0.025424092486562078,0.0093786742318267,0.0005724747897233318
MH_03_medium,476,1403637251868318976,1403637252868318976,0.1626158786043763,0.10396202967539736,0.12249084621956596,-0.025135889728825855,0.02448060173110115,-0.022569046734698617,0.008847615030127765,0.003414337253763833
MH_03_medium,477,1403637252118318976,1403637253118318976,0.17476044545761962,0.12217467233799262,0.1212524195608673,-0.03020618291484689,0.010048758736962902,-0.009110112688238914,0.004240683216787611,-2.1945688647440065e-06
MH_03_medium,478,1403637252368318976,1403637253368318976,0.19156554538608395,0.14625619232734488,0.11664953999458261,-0.041223406021661635,0.015962109682327114,0.012180200458797863,-0.0014196315370813561,-0.010218429849691457
MH_03_medium,479,1403637252618318976,1403637253618318976,0.18778127813627138,0.1450423982362996,0.11206362774405454,-0.040819780366831426,0.01724566657311937,0.01298476463055298,-0.004249998845128999,-0.010523612158225393
MH_03_medium,480,1403637252868318976,1403637253868318976,0.1803136873725517,0.13860405505056939,0.1092171150092498,-0.037061618508658634,0.013165667456534696,0.007718806778075127,-0.0060693369876023695,-0.008770289050522795
MH_03_medium,481,1403637253118318976,1403637254118318976,0.18338563537897276,0.14212790162939815,0.11461311640085348,-0.01714013975024964,0.012422490334916443,0.007650944664097992,-0.0024642521073283685,0.0094714715551244
MH_03_medium,482,1403637253368318976,1403637254368318976,0.19052385198629257,0.14776501240746986,0.12024460188598729,-0.0024647517512743633,0.024509171696484075,0.009926568513825007,0.0011619381420289177,0.02237884345854746
MH_03_medium,483,1403637253618318976,1403637254618318976,0.18507451815130208,0.14443659355997696,0.11468298899144558,-0.01544214187587456,0.011935473202663586,0.008487967691103826,-0.0040549472583202295,0.007346245828892428
MH_03_medium,484,1403637253868318976,1403637254868318976,0.17668252565954568,0.1363535983596611,0.10919152939357002,-0.026488129350736966,0.011536835760638813,0.005597318077117386,-0.00892380414417171,-0.004704713520289339
MH_03_medium,485,1403637254118318976,1403637255118318976,0.17169458681436764,0.12873121723615633,0.11085930929664556,-0.024849917354482942,0.010253319016397554,0.004410026516815435,-0.00872566869641811,-0.0030894858428796024
MH_03_medium,486,1403637254368318976,1403637255368318976,0.17140938606426787,0.11350985693862015,0.12742504879550032,-0.01611046083039136,0.010731840052359411,-0.007881539015590633,0.0035889004428971694,0.006338259009075031
MH_03_medium,487,1403637254618318976,1403637255618318976,0.1813260494475833,0.11635379412785163,0.13847904896298935,-0.01282512372754896,0.015596228707536968,-0.004420031045980544,0.010636617323505737,0.010515134205689725
MH_03_medium,488,1403637254868318976,1403637255868318976,0.18558154886298037,0.11294291401480017,0.14555527333416074,-0.022317523537480177,0.015153152364277738,-0.0051514584774245975,0.014184749037682631,0.0013687208876713708
MH_03_medium,489,1403637255118318976,1403637256118318976,0.19140513300721673,0.10901492880381447,0.15577075168956633,-0.02207131979463539,0.018341997789589965,-0.0038171318427266954,0.01787804017633271,0.0014946795181571826
MH_03_medium,490,1403637255368318976,1403637256368318976,0.1926830408347477,0.10588084268211695,0.16027468028389433,-0.015100603900020326,0.0164499828992636,0.002066682025094302,0.014265175406932534,0.007926886740875272
MH_03_medium,491,1403637255618318976,1403637256618318976,0.18793500764010215,0.09693069133443721,0.1593787191365071,-0.02285677274944331,0.009937362405120054,0.006807491099845464,0.007192074297479575,-0.0008266219182624379
MH_03_medium,492,1403637255868318976,1403637256868318976,0.17358249597784794,0.08590864167504808,0.14707411840191648,-0.03346329170519302,0.01732397106659681,0.010480646223568257,-0.0071775646246234615,-0.011779583791969972
MH_03_medium,493,1403637256118318976,1403637257118318976,0.1696664844439709,0.08340330512467187,0.14229679322498703,-0.03977722056331212,0.025782301565356835,0.01227636933439058,-0.01494465852695348,-0.017049193866144896
MH_03_medium,494,1403637256368318976,1403637257368318976,0.17439329436429837,0.09393908026810394,0.14403995713045148,-0.028999328741770025,0.027135428895609204,0.019964172226301535,-0.017825837057242833,-0.0044724559110025375
MH_03_medium,495,1403637256618318976,1403637257618318976,0.18817238628319824,0.10470302613327398,0.1525112165348655,-0.03444491412536099,0.03333319144451879,0.030107936059947882,-0.011236981106257926,-0.008851219899236096
MH_03_medium,496,1403637256868318976,1403637257868318976,0.18894476895335993,0.10374761358349449,0.15300523084457918,-0.0390635088639707,0.03889860614229634,0.03463477954545269,-0.009719850857457635,-0.014800611641420991
MH_03_medium,497,1403637257118318976,1403637258118318976,0.17533731571843353,0.0672573934058267,0.1560619950084251,-0.04317720497658217,0.022298780776412452,0.005096664342842061,-0.006194948124382149,-0.020805822608758295
MH_03_medium,498,1403637257368318976,1403637258368318976,0.17556602966135781,0.060196093292710806,0.16210092321123093,-0.030383413524728398,0.008478866495140376,0.0011846308579457343,-0.002817261767396273,-0.007908910348890297
MH_03_medium,499,1403637257618318976,1403637258618318976,0.18035806541388563,0.05736339763425047,0.16910877165649696,-0.025311967930706003,0.004340767204483152,0.0033293776974119282,0.00234777680356979,-0.0014984819492113166
MH_03_medium,500,1403637257868318976,1403637258868318976,0.17354789763426767,0.04073859012343117,0.1671116598296727,-0.02308534593635292,0.003944867218473471,-0.0027392041546034918,-0.0006888265757389878,0.002753952780885194
MH_03_medium,501,1403637258118318976,1403637259118318976,0.16923000419955328,0.020401012696703802,0.16570306506685872,-0.027660210226571502,0.012110881117962845,-0.010839183910608341,-0.005401981984818338,-6.422025487640148e-05
MH_03_medium,502,1403637258368318976,1403637259368318976,0.17685122753339644,0.009564991045189153,0.17265201318003265,-0.037096495403965646,0.018602176492414135,-0.015999758966522393,-0.005354099620403563,-0.007834685732236224
MH_03_medium,503,1403637258618318976,1403637259618318976,0.18250566725948048,-0.0005916057256500906,0.17774268380173175,-0.0414186786299513,0.02636850737235433,-0.02395006505301911,-0.0012419209654137564,-0.010961304544520378
MH_03_medium,504,1403637258868318976,1403637259868318976,0.18246339620920657,-0.0033240825128286744,0.17686251992107405,-0.04473802050620357,0.028855729737633576,-0.025798365929748712,0.0016634243213164979,-0.012819144806631377
MH_03_medium,505,1403637259118318976,1403637260118318976,0.17980461774991222,0.00802461258776166,0.17315726436900558,-0.04776890152861679,0.020452875939391935,-0.013676670832118987,0.0026391175932805044,-0.014976777606376501
MH_03_medium,506,1403637259368318976,1403637260368318976,0.18091135416038104,0.01060345585737199,0.17305880024572828,-0.05164432636343219,0.02233716063120919,-0.010949892753135515,0.003217130799354706,-0.01920152762618421
MH_03_medium,507,1403637259618318976,1403637260618318976,0.17729292394081522,0.021673187985621567,0.1732712616202452,-0.030661436668103836,0.0030169813710540384,0.0002704233810515433,0.0026056474878548563,-0.0014965456749806982
MH_03_medium,508,1403637259868318976,1403637260868318976,0.17280589395408635,0.022974805610371796,0.16926604693469693,-0.026135046346573487,0.0039528094236561005,0.0012694074372250341,-0.003573790200415372,-0.00111415021495187
MH_03_medium,509,1403637260118318976,1403637261118318976,0.17088626945662255,0.02444649075046268,0.16731734774946627,-0.024685852646265438,0.00831932025028036,0.0017370009565480515,-0.007574033868094521,-0.0029711829409568846
MH_03_medium,510,1403637260368318976,1403637261368318976,0.17445254785870062,0.03362200908780899,0.16971884809330762,-0.022333037437220482,0.011527091466634118,0.00965481931871981,-0.006200716476019608,-0.0010997348712498134
MH_03_medium,511,1403637260618318976,1403637261618318976,0.18171601880965388,0.033729762276765385,0.177351849991507,-0.020720423098319674,0.009492978115301124,0.009187156821599096,0.00024180902494386203,0.002377879607630917
MH_03_medium,512,1403637260868318976,1403637261868318976,0.1838914399543076,0.0397313989903747,0.17846058251521923,-0.019730638891454988,0.015498743619841963,0.014826199300124188,-0.0013817807091707213,0.004299482547743705
MH_03_medium,513,1403637261118318976,1403637262118318976,0.18138543135092186,0.03314379140910084,0.17720336611019838,-0.020028250962203176,0.00974477979736271,0.008473349355791804,-0.0004691884615426467,0.004789879558125265
MH_03_medium,514,1403637261368318976,1403637262368318976,0.17774231553007488,0.03457703911189203,0.17226388243360113,-0.026868455578053507,0.011177056765665291,0.011149934672814332,-0.0007239889837959979,-0.00028529753980544026
MH_03_medium,515,1403637261618318976,1403637262618318976,0.17602417975509438,0.026268208647137747,0.1710483833109382,-0.03220160927094451,0.0037867316693486626,0.0021386946087185166,-8.258028259100492e-05,-0.0031238602086542944
MH_03_medium,516,1403637261868318976,1403637262868318976,0.19038144582451283,0.035170347559247084,0.1799607482622836,-0.05120811119024671,0.025185917603978644,0.009992078402428994,0.005792455033728272,-0.02238160582791926
MH_03_medium,517,1403637262118318976,1403637263118318976,0.19813018979460711,0.02492098548824906,0.18323979338549257,-0.07111747120352008,0.04413640562018118,-0.002344418402620896,0.006649145290114733,-0.04356965538460866
MH_03_medium,518,1403637262368318976,1403637263368318976,0.17328215111542528,0.02778281061264032,0.15487226973424084,-0.07259062885122147,0.05177872068439069,-0.003476168035835947,-0.020717660687383344,-0.047325793254220594
MH_03_medium,519,1403637262618318976,1403637263618318976,0.1735756217195697,0.029455215962594927,0.16808194083572991,-0.03177023564322812,0.008936573760872693,-0.003920645191268335,-0.006596892652454667,-0.004579508619894979
MH_03_medium,520,1403637262868318976,1403637263868318976,0.1822169020136202,0.031543522457171846,0.17721608253570942,-0.028327824857051653,0.0034093511117090024,-0.0015951631602746374,0.0028613345905101895,-0.0009444013215598179
MH_03_medium,521,1403637263118318976,1403637264118318976,0.18315556059674667,0.03270035902946056,0.1785394166636154,-0.02450148147089981,0.005190756308948181,-0.00047564778654241024,0.004206945112805505,0.003003218783219852
MH_03_medium,522,1403637263368318976,1403637264368318976,0.18546317201374066,0.0343098668716193,0.18043919098870287,-0.025712245409386658,0.0065083462957368395,0.0011223426266919745,0.006126147110812052,0.0018892432639103784
